Q,Tw,Ta,theta,eta
1.7119285002103908,53.005338772875035,10.788147316295822,0.3219211530151607,0.34908336848315213
0.06713489287787158,20.761340154455638,12.225501972155648,2.7058239787647205,0.8210686435377715
0.03475907303072978,39.54673904803309,35.892182766066455,1.8737764454073111,0.7560815743004435
0.4177825519493941,33.97218509119534,21.38580059004684,2.0895891083321887,0.5161336700897261
1.6676139124414473,50.09217264332685,15.254621245247398,0.3283503684701498,0.08332703146235432
2.9840594899336557,56.257003688972794,27.340672506618432,1.2408783515200927,0.40543791032251875
1.2759225236556262,55.12566601399402,35.600929103702455,1.7975246019564712,0.3681236214301603
0.4369118351262611,46.97385215549334,31.517371919421066,1.0176222723981903,0.7822985781250573
0.8649281699623026,49.50839576938548,32.65004443141423,1.1603840215054857,0.2619163000780159
1.6947091821711724,57.5368100801554,34.910611725829796,1.7816727537038608,0.4766611649435779
0.7885390589136255,46.04959802543749,19.726124225106407,2.6672854139140263,0.7003841704318425
0.03826900445364849,52.65928648295691,39.774312637161,0.06332268990563096,0.3704857516076948
0.36419752696627905,47.5448200336964,35.237212897641186,1.6092985656396803,0.50670722687314
0.30948099771854076,30.917955433762458,13.014749954119646,2.788309427507454,0.5887232039216156
0.0943069365031217,32.725143963519365,21.45626977945145,0.17943952533245722,0.004993096474611769
0.5128044084277502,34.746444586958745,19.29233096863694,1.262365924790701,0.8198005647980182
0.3933695356091444,24.532898276793812,11.11681113786085,1.4985074162749588,0.8950633381719086
0.6489262963260939,44.8088120818474,20.50384179690041,0.4580808603760499,0.6282087601015757
0.005434603975752647,57.937664061883,54.12104597690409,0.227284549191967,0.9065783463399595
0.1807108437469061,38.07092640400621,26.52876107339423,0.3941040988501281,0.39754536225436954
0.001202811582141029,22.016480985153372,21.420308901116872,1.8026714171838183,0.452718176203848
1.9988511728540306,35.97158840802237,10.486844161238736,1.6547363482368866,0.5718332567509948
0.8243661260025003,38.871934213826904,18.68502710592998,2.3113644281709815,0.6261634194523308
0.02430332268753538,28.588670323216284,24.738511578042395,0.7559365463342128,0.6946664219182352
2.164697136052154,48.759848004475465,22.9214348618521,2.4859904509470727,0.06143299332404095
0.00390633316201116,58.57476090719819,56.8400968511794,0.7539004044521606,0.9036092604967509
0.053055906921061075,30.995328149489932,26.32892938563696,1.4693194310372695,0.7543814442273313
0.6044224955956455,26.384524277566314,11.596500708976501,2.305518267795868,0.353630498873611
0.23417648624624246,34.01034311801561,25.062722370665682,2.4027377462954167,0.13721041968284053
0.7123685098600018,33.227095196947104,13.457441742951323,1.7761136583344197,0.89441104046713
0.737574824967471,49.414631247117185,23.00105466683221,0.4740662363923228,0.730398403123971
0.003525441454402283,44.581995742218226,43.250155355523674,0.7871856182476239,0.6896543805621489
0.31281462406440236,45.39169319215553,13.236108349715856,0.14184548898060306,0.8838330692896569
0.018692257600350856,44.01723351748489,41.47787855061368,1.8822459054866403,0.5531467644052296
0.03118068941187552,57.420050300005805,45.66847782456057,0.1393170837119626,0.9644006612489981
0.012948101970239117,35.40914651913889,33.60528196586857,1.5278090436536595,0.2624093456911477
0.5186637898709566,52.873950722685684,39.909513206607244,1.3318776139839947,0.49835789382095474
0.42525609101215045,33.41312724353383,12.383450059731446,2.63824339730669,0.9569477858545555
0.06793296562033774,26.921279887419672,18.637515189924947,2.9512643760284374,0.08783780546689701
1.4207168528952583,42.07851778134528,22.394277802815168,0.9836812564478022,0.19334994387105164
0.02696921158382973,49.10182236485354,42.89911627078515,2.917120698362453,0.4883200884042147
0.0002753294842341512,54.12705554785868,53.7246867066786,2.1142426744363365,0.7163744362062758
1.738968747459825,43.53521137751782,22.43010671247463,2.2062417357265045,0.12492676355749188
0.6542029388117134,31.631468957219425,15.363413792170793,2.2096714652325247,0.27939954236148357
0.045688364409727074,32.93504285366206,16.16951581318008,3.0629966698565747,0.8455196367229828
1.8188702311563114,42.951857553489575,13.792434144163673,0.7876102869976546,0.5122101188497705
0.06169104896489509,25.27445555394469,15.815480837033654,2.885062293792462,0.6425311191724083
0.009172463699463632,24.460043854605335,22.600096603064898,1.844802611693773,0.6329969805780878
0.43638199768963926,25.442866325709737,10.73531510085315,2.3489621081457903,0.5797128837673666
0.8252709482144458,32.52146151678755,11.619404279549647,2.372179955819684,0.8020191961059742
0.22612218682588428,44.41243440779643,35.660584530799724,1.3382237797540295,0.3720864550428724
1.1336149713093187,40.732188164955474,14.337891617561532,2.3224275157375933,0.7045769661011857
1.8030839049729936,53.537425970658326,30.746707725596814,2.09997443985629,0.2344963327836037
0.037400541036387305,27.68772839260533,22.824762803312645,0.8479079707585887,0.8470951375513038
0.7280249752290152,42.871384680873355,24.538609266126784,0.5874045955772892,0.23066913843561254
0.05055790805640321,20.01046162704504,12.475753805806663,2.962941881754825,0.22080933154487303
0.26737643147770335,29.056212794941956,18.915558461563393,2.139220939500846,0.359321638279802
0.011046520850542661,41.757066834123606,38.797667373387725,2.5811204672583163,0.9314828027095274
3.118188474270104,53.90016139788994,13.12154607805514,0.9637763074919892,0.8214873675032822
0.15407453510247385,30.009050259253456,19.560620256957094,0.4644801570615683,0.4477282235564166
0.06152929681793539,25.556532289132427,20.106369341258464,0.990755558665783,0.7333837150839702
0.02973854485803628,44.07896720660166,40.56427714889286,1.140702303194566,0.5528489884028336
2.201353062307923,49.90632123815239,18.189589263458544,2.1802213216216604,0.6578381418950671
0.7743221543657264,39.85292576365123,11.074659140501488,2.9329031540183137,0.11508337813234093
1.7843556214225815,40.63579308104628,11.132361594486746,0.692444637199725,0.43084297708663977
1.319865699858295,54.2924987456558,17.854762014344082,2.8702178458148038,0.2888028434405876
0.9671324980461623,27.589973062065273,11.333931392749681,1.6468620765825077,0.22005108259284412
0.039929619423007184,56.70564158196959,52.358082423680536,1.179850611437153,0.7562313194228492
2.765730975379871,51.74252747565653,20.06700519133438,0.6861880252731541,0.2944762994700161
0.0005704884972441529,24.540545731932475,23.82104731738537,0.38867759566657506,0.6792502248375472
0.47639916397321125,29.7890943320552,17.288451683331786,0.856181273520917,0.2837045202211731
0.24457827753174582,24.75486105133821,15.49223002084739,1.314304971912232,0.506911441145898
0.20627624529095862,30.788389593178355,19.51254477316201,0.8436385878227041,0.9730055103808307
0.687199643518862,51.707389679157586,32.884141870858464,0.4038781273665388,0.011412453776759812
0.4419167398983602,38.48057306587542,24.14169006440164,0.7510005784827033,0.2675252060608877
2.2989630043843583,34.66933716338244,12.957013798310768,1.9885156617910484,0.09454946814064735
0.08071691205752603,20.432222868873,12.976551625088803,2.6436292390177356,0.47175244891699963
7.135970618690118e-05,36.99952386189089,36.792064248095116,0.6232541763567528,0.3531297869734805
0.005370992393940614,48.99619443348389,44.724719078013955,3.075768885453333,0.10988236305446608
1.14337271308708,27.21042035306963,11.3145154343766,1.7308301619030537,0.09184841714585334
0.012773909104678611,22.263597377417916,13.426785054897858,0.04616681761920234,0.38123031800382945
0.11865154888045577,29.043770912236102,22.530869367838747,1.4789730457744856,0.41817698957935245
0.5501770296493211,41.86069121710389,11.492105877475726,0.24296567690701576,0.6385119284544101
1.6714381402537832,45.636391903476294,23.396660662499578,2.194971978392305,0.32216472983387434
0.45378692803914733,46.92995450851238,31.94278315149468,2.4744365691600345,0.4724188347939423
2.2193026644759497,36.06326933302803,10.896937120335414,0.8784794408997146,0.021690304477621547
0.10089674785964717,33.036932407149436,13.062176646213505,0.11648893572601443,0.7332658855554344
0.5429173840423508,32.37063700700638,12.047987054284171,2.158163446231264,0.8973706553453621
0.0326738417708897,37.051407782287164,31.69029203456023,0.30285661730512703,0.27379560654397395
3.711013520626247,52.35019996426204,15.129740568856263,1.1819488527885613,0.6035806818708279
0.0007491154988476572,32.84638619677078,31.553665765569257,3.0137983461582154,0.3816632695088439
0.029610869615646938,25.340632933264846,17.318523060343086,2.918886589759135,0.9186771300289424
5.135600523258792,52.22537118826993,21.018882487062733,1.4262387391501652,0.10087953070780986
0.2772771912691987,44.66847149894532,24.433659143613383,2.748439856751202,0.9211400231308021
0.006250666121561734,42.15914797567495,38.7687296239377,2.9730368633449697,0.31729287194133926
0.3229810896290983,23.79927315531983,15.59722607268958,1.1534532381403015,0.10051183519122886
0.03511984336522327,27.205452200092935,21.568305259652035,0.6944009230642968,0.9659755816001062
0.04824213867222633,27.353072446169318,17.86389293770984,0.15174727454993137,0.3944610839633834
0.047903238012315344,43.68065030287683,38.821882203120495,1.2505027966585684,0.9136842488429434
0.24035003779833264,49.82761639786702,39.401587983591824,0.7521325811043925,0.5322302496012666
0.03729249653688169,29.75211158886454,25.766130965599586,0.9062643415707872,0.6251379317049812
0.13691680527766495,30.923523822265622,23.213712474016496,2.6523944048992285,0.1329304586793495
2.093656122384703,33.65271722537306,13.461702611402956,1.6485061699254697,0.010051669184145462
0.7216116515698474,42.550356253698865,17.499319019862565,2.6668014111959373,0.8514849174782613
0.7338573109266653,53.786746553437425,38.144901222564016,1.2774728119621641,0.6357590566831944
0.11680923506891902,45.2793220483677,37.5402757277437,0.8070874345605852,0.46919693456671185
0.7674709802645969,31.799361197359822,10.2007133443641,1.6778824017619396,0.904600559031157
2.9985160389445795,57.890774750487914,17.07461299892809,0.5389989983984862,0.402773306857945
0.2885684209716425,33.87217274972157,26.20123145140957,1.956746531588886,0.01584414455713412
0.03224119056987616,22.42422651806484,12.87883147257804,3.052063453472145,0.17866487552072208
0.23819975807651153,56.13245185394639,45.94056318593503,0.6532593180729461,0.2551429137485801
0.08774259294706434,40.35713466505184,34.68676674517481,1.4684943752873538,0.4323044143501925
0.961598090822932,42.20953221631406,27.5573377389383,1.6352542830942924,0.0736156350576983
2.880246259713752,55.649352405754286,21.67686149019309,2.1468673058957153,0.7487030781328347
0.13148601888278572,56.11408118692462,42.633407154344404,2.853782965297215,0.6644225813789476
0.0037051220530908958,41.22741161111524,37.32633748191273,3.0915098684560234,0.09664011217819701
0.10830799790382588,34.563012626000116,24.39050842429384,0.3910313594026691,0.541050176982662
0.06828889643087747,23.827652104404187,19.307845664073024,0.9281302368090245,0.16390033930189574
0.17081914877893178,48.090134010190155,32.647109159348545,0.2760290904192035,0.6569746495079156
1.3957898725525677,48.789664836863395,15.00529612001299,2.464682457057227,0.7092629534470579
2.17627303485913,39.795744626263726,18.201809388809785,1.3981239375165033,0.08511759129198737
0.10952393432237396,55.30627764541157,46.071627969874555,0.4659065529188317,0.4613530162430707
0.9526698147322492,56.68442781614456,21.563529679771047,0.19903140732414948,0.25487544114982874
0.41611488622939447,28.769101029890372,12.001967044211526,2.4912695636033027,0.5697511975124245
3.140339393108146,38.9527718284185,12.116878725372867,1.6354594921578949,0.12541489883957746
0.09771073078183884,45.05916384528151,19.5055899490656,0.03926236807432277,0.2036076812514993
0.5263895124319691,32.616446073643985,13.421138038077242,2.517104777416932,0.9147956775796601
3.523206455209284,53.517605822636995,13.027338401261577,2.467876395180285,0.3361377545864891
0.4158809427243662,26.718927938173117,11.993815886398249,0.8250262946918538,0.523773414935259
0.1242175487133882,21.11711381333862,11.761349526814257,2.3365558180144967,0.8706082315198658
0.03993991608271079,29.932752236536743,25.81384139207999,2.394175168295975,0.28089656052046874
0.3818069274841594,49.67812862540049,36.05887705795589,2.6455423199403922,0.07630230005613603
0.6096799585052569,37.72620408584521,13.244890757424766,0.2608731531340979,0.20532176116148604
0.008986493528831244,47.8696756133847,45.68266582982349,2.4118850139700534,0.38939475863154194
0.0005067468152105071,29.034390731196886,24.276008303464238,3.1305395040384134,0.9705995908041908
0.021156338248432032,25.136560504003675,19.78158199088881,0.3185839773543955,0.4874700673728598
0.14078875960540255,35.11743864335902,26.06197962036403,0.8544994598027275,0.8084672898557727
0.5608944594646457,34.23075791537117,14.510678413861449,0.35980941635261,0.2540962021673612
0.887207767805466,42.1934876388641,22.202653244858006,1.4428706583080964,0.918888116385725
2.8396809214983034,58.2346664581499,27.59647270433452,2.2988337249350246,0.1519362707407842
7.561090739684927e-05,38.47510903070826,38.262472098803606,0.4752120078098112,0.10893345071185667
0.7030525921134781,28.59051042468841,13.684358775685338,0.725585020218446,0.16903084209834152
0.0594848819791473,40.5158800131655,32.19359181173674,2.815923106072012,0.6840849759165619
0.11683350069208122,23.173647395647997,15.02909389422382,1.9193347417792876,0.9308032445187425
0.6232139892240579,45.8799018483529,29.891264881473614,0.6267258754792988,0.3373587042839433
0.03294864821606074,29.57222920993231,26.163305450458946,0.8262428870197241,0.3894466707186184
0.23002066809829436,41.35664027658676,28.24657468938347,2.4892495086378474,0.8559510753233954
0.08035191970710857,58.87022308439535,27.107205792848838,3.100572115188433,0.8146060321161652
1.1184376719331777,31.708978010860953,11.958896324403613,2.0251925583822987,0.488338498974459
0.578821085813137,25.730016596428595,14.116958031775994,1.1515548269851874,0.1863131230646009
0.5938805848687126,46.68984813636584,19.67302456991893,2.735854981115777,0.8472782604926438
0.06439215481498907,48.91414163318389,39.07493944461771,0.28025291633589844,0.7709110923107075
0.019268615089557534,56.74308043586625,53.2559555105716,0.5793947500181558,0.3960658531101098
0.13114730121719984,21.532842511821805,11.904978404006295,2.489862841852707,0.6938033132302548
8.365022239077847e-05,21.204188848238704,20.10442613875682,3.121032082664266,0.472249447370675
1.9104858496012136,52.50939915838947,23.19852961395641,2.265112757232874,0.5691659421225109
0.5141538387221312,34.877914495933894,12.399867125274483,0.42849715500770363,0.5477117083033746
0.8664480021319424,44.835532179078136,20.044900354716667,0.7454147033209861,0.9339618295044384
0.007328070400961727,56.143673954710565,53.708509058571856,0.3287887010471873,0.36186780712592936
0.24841407499183696,52.270366452523064,18.78182085873359,3.0213608966863448,0.9467284691082913
1.8940609223393288,36.71991246156374,14.07579237907375,1.6286821759714407,0.340597430697434
1.6277138150074708,39.323331795742305,20.24602736160751,1.8467899113228492,0.05468557212230818
1.3008315667830321,52.37815077474285,12.154787329439834,2.958499184425966,0.17173985759690535
0.11733455884270877,52.58847255937833,43.07082817320375,0.39303242688855866,0.4480093302406676
0.2841015916896697,31.468589374504738,14.965249079101444,2.651714881321381,0.8860403006197414
0.44877827046735247,34.07424656522515,18.141776829354832,2.519189987560878,0.6919169184757297
0.6758113817965975,59.29708334736621,46.09739713721851,1.8957909175900967,0.05540505213136304
0.10293256528344061,28.317728028338458,15.247055878681117,2.905291091821987,0.6703543053171777
0.021310142494953183,46.36721672227439,41.76786020624007,0.2270883102560611,0.15193665307398585
1.1899473995856964,46.81312163038152,26.35056983635476,1.3685966348534193,0.5676571071045473
0.02225549201302575,38.11979544749248,34.76146470049635,1.5395894345291643,0.9632754018424212
2.720629665795631,55.20658749985999,29.26605909950259,1.8048846697812304,0.15089507796333634
0.12381820259593615,20.62427115389772,12.942311866232775,0.4898753501610644,0.07591809681587469
0.01695990830304873,59.74400707197325,57.77462810147113,1.9748019491352875,0.0406810924227925
1.1390120046460261,42.15899862621588,20.51677529440399,0.6479098388554098,0.20801119305572857
1.0639821699173115,42.40656409588988,19.74208546945688,2.429690017040373,0.3839931034941486
0.12800358176543694,45.81073925446089,39.26822928928841,1.3664778151732155,0.47730193302601875
0.09168962033909576,27.13384558654731,21.620001807930212,0.7446115992776745,0.0023066654695864663
0.31867251374070943,25.154900109936204,15.83933444637631,1.054220888816944,0.12355613988991176
0.9648614154123762,57.539464132288536,39.04618564497944,2.2647596360014575,0.47178478167557336
0.0051598166672964475,59.68245989545361,58.206365604586466,1.3950646934703195,0.609171404637681
1.2189046331365014,56.03958348927948,33.52340795169981,1.294219400267808,0.7658910350477601
1.5600104390876324,56.36751809471874,19.192711443833296,0.3154018727245689,0.2984128889284463
0.3824522424149397,38.32799134941311,24.60827076003924,2.1089872178698754,0.7671537543379883
1.2857561213965596,38.01475314943316,14.287491507445743,2.4020089429513503,0.5009046433363062
0.4790970194233086,26.822142000820968,16.70981697206288,1.4421584968288368,0.03305247052913818
0.3950543156026891,29.290210524912197,13.58143580385847,2.74814891331324,0.0773450762026836
0.04721512310243174,23.25133993514823,17.308216050699013,0.7864979340444403,0.8665574529716886
0.2162756356034766,20.019748215003155,11.204627909737553,1.8901708909851471,0.48700838473175245
0.6281186860623023,28.365615145863554,12.431943987204438,0.6042547264840171,0.14331470865048412
0.7175569574440891,42.32550284952242,23.21385360772259,0.858490827076191,0.6779473270279219
1.9984034427875517,49.31440569608597,14.264614182456462,1.3593190803801771,0.9137553726455234
0.007344477884020374,23.09342057715672,20.758189696045257,0.48108058611181437,0.2735145391953451
0.21792495593374017,48.93254748168745,41.83937313107242,1.9703283210817768,0.11456974871281622
0.4466363777501191,48.63459103022845,27.068366273443257,0.30208746310205453,0.5419489527158322
0.7293344610713985,37.31012722510318,15.342619343913615,2.323977953232353,0.8951506364363748
0.11384011229255292,37.82921408641392,30.2957869530014,1.3016710992881197,0.8068753123954623
2.615532988218283,53.636232548911075,29.22281235103324,0.9530932638210367,0.08664890222780197
0.34644109441754567,49.040583783700804,37.29949096916036,2.2794476429835493,0.3205423577131197
0.37991438207005335,39.17454939298864,18.412110676814684,2.6614742275747325,0.8821163957982556
0.13672473402823876,22.66325952883345,15.933880223278438,1.5642920757709435,0.46727926889491633
0.7508054085929683,32.51265178278608,13.49710446737431,0.8620953677746824,0.3853801845627304
0.4159041844055684,27.695645782667636,10.699197899492901,2.652503401389007,0.4727161755335195
0.0014451682055421546,50.2163796838565,47.128684707348164,0.07698381106643694,0.8708964796550233
0.0689393254603501,29.67381000129337,24.131808374134494,2.5876139769741524,0.08430679537958086
0.20113513612604042,37.972782439348066,28.96298360092391,0.7622681028428989,0.3025989863080071
7.288114141080399,59.90375300337898,12.090832842482484,1.7098514168235055,0.5114498398122173
2.6948925407184787,57.83534846913084,26.023577386770434,1.0302315413863383,0.42572515379300213
7.9438319955777725,59.465008626288366,15.443344668664304,1.9028661560501674,0.0670780626803672
1.531709025408218,34.25917100458072,12.916409270434892,1.630755264646818,0.3715698465543842
0.840922197667898,47.86403171016781,31.54678904072385,1.8115589629763944,0.769051238305108
0.0007322328883541351,40.36114830719697,39.83411025499166,2.166997007716746,0.5388809134134757
0.01696564630866152,52.072735191698754,49.17865858145378,1.0970691362061389,0.7204089601038768
0.030935687677065865,51.435809057082324,46.80208717120858,2.629550690766715,0.5037151271240977
0.04688970516752314,51.41527504171244,28.947945884908698,3.113747245166558,0.48011109576589805
0.0885908400628033,23.732149324041202,18.138618319344626,2.368026796435024,0.1268582834474835
0.20374524290316132,58.41745737084941,45.94820296625802,0.3797312405228592,0.10321172058965256
0.019102523079993678,29.522811625785174,24.54095894646798,2.779007029460582,0.8480467001218649
0.9473786737951876,51.83742710395595,10.737295647861242,0.3261993893497165,0.9525698918855381
0.2853611474975272,38.77343632885605,27.13380935360724,2.1397972125623994,0.7602942254924547
0.2712108042859858,50.70924642153067,40.80268797767839,1.9049794061883418,0.496582736185772
0.00047378441644587663,45.6950055256349,45.13175147192542,0.5131170245686686,0.3392226493450904
1.6543152047025471,47.827495185709196,13.118843116039187,2.7461296565698317,0.4568359444120722
0.0019261521011386142,40.88723660915953,40.13459159137103,1.1528050720452148,0.5344188198572533
0.3209153502241363,44.8517350635313,21.33460543611637,0.26512099354455276,0.9249270748966518
2.419546584938239,46.54498706529773,19.132300191233576,1.180774061306544,0.29429873555658237
0.068348298521046,59.86391297092027,52.20095522062867,2.4888359598523966,0.9579402565995806
0.0004211839906603874,40.78557154544599,39.87598984272646,0.1526148857756906,0.5319436109657604
0.2388707850135695,21.08588145522257,10.867270732106876,1.4421483849911043,0.8778050508011779
0.1982336986044107,54.21048299405636,38.9693343120538,2.6416914865446426,0.9749590130259672
0.17201021153510113,27.516467372880044,19.74411054303772,0.8862632222151142,0.3797049611965043
0.06974648482672081,21.142336394010908,11.261616716799441,2.8802791180391436,0.5913062237200625
0.0013407982748339705,21.692448689293215,20.465800768044232,2.8866940214290455,0.31715050425848246
0.6085653088592612,56.47350108489682,43.82723253873276,1.0599697600458797,0.2600720182596469
0.25972600562887976,36.35719054736974,26.48275724570458,1.1673559877536637,0.7240044937884611
0.536994799854412,44.1706883896436,23.57011889133563,2.6276242483758745,0.7047459303592645
0.08583653316931246,26.035514142950383,20.053232863470026,0.8924905009791688,0.504559015693982
0.7632873746065411,53.3573169815036,35.76337899516017,2.2379288197897944,0.4046184482603068
6.286057653730727e-05,46.03426492867209,45.746968586113816,0.24840297977891146,0.3354133395622504
0.08443423888997934,24.437639549043602,16.70628074164164,0.9123664596934072,0.9913917759413791
2.423811003872279,51.53550232550713,12.699723613925379,0.5657643428799715,0.49776451449256154
0.05014727910069435,21.243630146832622,16.607893939208004,2.0004115057664174,0.6029976646041483
0.03208975785015761,26.076693730426648,22.118274637972238,1.8380913751368448,0.8638714189297555
0.3014581343010032,27.714953632033975,15.983149467574265,1.8209070113099597,0.7892135686307516
0.06751219074242386,34.58412077851814,28.487156650179802,1.2783594920273351,0.896089546309532
3.217111616726215,59.06077541521055,18.15223610307275,2.072988268540355,0.626480067364561
0.17635440560154345,21.381412136515028,15.393841449922057,1.4306346511415478,0.11013017689438132
0.004152771918186836,23.17342634998726,21.108401160074628,2.7161744056590336,0.8940590429355358
0.18069572362198913,23.387877899047407,11.98522586836165,2.7278471093335677,0.18964767874748978
0.006094660943839152,36.15970421862265,34.58281820150354,1.823270890858493,0.7145092655837081
1.4045084108945995,35.226604290437166,12.75598821661622,0.938372876751091,0.474792408205169
0.00012025426230641619,20.062705828549994,19.860507656376672,0.9294048673877746,0.24438854392776121
0.6443213046113301,37.830927118646116,23.97724316583909,0.9993141781574614,0.04288290991155097
0.045741911651308746,44.97397564385587,38.79692593721161,0.3259555664953773,0.35558487815821016
0.28520855710594734,24.557071100189773,15.607812889245245,1.1127913168151784,0.21930029366745807
0.00022198088466556483,30.004323868333714,28.65313824729519,3.104086435122865,0.41148364359781864
0.009612449519751131,24.06800380439902,21.78932728315052,0.9074790221274794,0.8295656699471843
0.21824501713377173,51.28132342458129,39.15039614875852,2.7468199832495372,0.3555158755199327
0.08366405078837469,46.17855213671829,39.923170314098314,2.0199915346422235,0.672753265177689
1.118367294889932,55.000168709149605,28.18546977071119,2.48020806833719,0.6633530813671811
0.36540928123130595,48.51023468481346,18.954882120312064,2.9157477560029337,0.8844137621185689
0.5250057351833204,22.100384140853553,10.04896627466404,1.1615304596570297,0.3115352023947541
0.005180264869552288,52.54865995909954,50.55359297994161,2.3732205544277307,0.983032083546341
0.22471297245957497,50.82687693639375,24.532089972826277,0.20477694467133958,0.9045960188454676
1.5168017299231964,49.42347767670718,13.14320596618673,0.5928319482870439,0.8974704050090234
0.1005925107748117,38.47251807525289,27.224153895036256,2.706989125193952,0.9798679524574309
0.11239097802548255,52.43875701099545,44.26430513225857,1.146361463525018,0.9972863313167061
4.087512036432844,49.71564343849971,12.134431193434331,2.4519740065748508,0.20040728886762982
2.3524850154305814,49.56668270747853,21.299806529343872,1.6259334500312848,0.5655610568735887
0.332916465718781,25.421539885069336,12.13823986548871,1.0514525867158389,0.7632198834700802
0.8482172339330147,36.541076650786,17.44997407667083,0.9426461148479423,0.5213980629427608
0.06184552905089855,24.29060492631136,19.048068124684676,1.7036921346546718,0.91135247251289
0.008482897640851179,22.546568279303468,14.687460761125802,0.023271357031319457,0.0024919619417982375
0.3238435226174551,33.08502766336912,23.07670570223296,0.9658657622452276,0.3732078249113059
0.00048183485885960295,28.291493147377093,27.782448161982533,0.40238835603784323,0.1379266235772062
0.04101586237341014,24.19621720471739,17.497607963380695,0.19711143247934967,0.09537579267983831
0.050091223730839456,28.84973541063214,23.75803381271865,1.2622747630359432,0.7932271666487103
0.02280351108448083,30.84655571783316,16.62635376487016,3.0951396770342283,0.6156079722561143
0.30244288349859044,23.13970749672348,11.118946623060456,0.4284260614321378,0.05300361777708906
0.29600306902098106,38.754275842891595,17.94892118840403,2.752449227197193,0.9309954751275916
0.2778786135101324,24.381906575918162,10.121620720545357,2.6352445774554547,0.48362577657423833
0.1796659470253673,55.645024283643004,31.380528041768653,0.08690497801590606,0.37261987133397956
2.6992649835430473,53.514651572279654,14.7983014689758,0.8320094881834739,0.6756858262503109
0.12162229494457501,36.440930312070606,27.769915895585797,2.002943226815598,0.9940690785002135
0.0073904499123655576,20.91943220064245,18.484915726889994,2.251678119166424,0.9611613690752465
0.3939961634435199,45.42059699260463,33.474336077441215,1.841755484131937,0.5993248886520404
0.010096726771443472,49.60339188309185,47.44139019761201,1.144564574984678,0.811467804394065
1.9729344240925355,54.225588248782074,24.969800664688442,0.6325134439249994,0.3346025193871639
6.6022355304401374,53.25031178277276,12.989029795680864,1.042100958478038,0.14587773175691376
0.22236860702480762,27.168900392521337,12.285629328730266,2.9411246214644478,0.13556448341780591
0.06538793070578408,23.149320750249057,14.91450263676002,0.22721091848155778,0.18893637043782952
1.9369850926399608,46.13507017428182,19.309213403630174,2.468268180773837,0.07842852462594418
2.1401906399436887,54.387834224049925,29.993615926396075,1.8627375315248804,0.17028208569356262
0.005965793113258768,22.640794599031047,20.620358764660352,2.7345049536475843,0.4688006241947883
0.10208840408875701,24.22439760665383,17.96430716629177,1.9546387667271508,0.7636142439482376
0.0417568302613178,23.635772858634855,16.551193403445556,2.924972128884918,0.23319404856270776
0.05059689156320403,47.835899096339205,42.6757548455028,0.8284017578848052,0.5176083461621807
0.16108843897703273,20.270014131412886,13.232196373067229,1.6582609522047576,0.6304681826210827
0.20273785297415345,52.120940808756934,14.141631983236504,3.1136252862089617,0.006443243179168334
0.00032806571650291906,46.416558277782684,45.87193629395319,2.636381201874117,0.7990317787734401
0.0677082386258955,20.475920325591844,13.904785873507318,0.6711457782155692,0.6381416515226714
1.9476478291216546,34.941666095609285,10.155716876323241,1.1665822299261748,0.42301103336224066
0.07466980434941113,37.66000818135993,26.75944360039023,0.15425691272295677,0.18139294254246752
1.1591733782848668,29.133640655446502,13.415323430355187,1.9558591895087647,0.15588025157557817
0.11373075721641852,32.08602862403178,24.412819698124324,2.6418324544928535,0.2288770868865705
0.26413525712458974,30.66723104626615,17.574701162429772,0.4696589140322051,0.25284856788975996
0.10163368428674614,25.509886063978634,20.56663606273669,1.5418151905940503,0.07553807372020804
1.6323557673450024,41.656884622887915,12.59457255896843,1.2782686485911958,0.9150555275784369
4.61744652202358,52.99756889455213,19.560305458103045,1.7544336718557851,0.15442394584116947
0.03122668137580613,39.9213007977483,34.31920300423671,0.4030355362266112,0.6404580663202539
0.14946840484817686,29.9031673308841,24.00921950685735,1.725867217989952,0.02039462674999848
0.3496742639998672,36.96308749011663,25.53923587267046,2.3913010015266596,0.3479536883711032
0.6564253602084017,49.55499401325231,27.5814838131418,0.45147590977833607,0.5877122064541751
0.5981729613283221,37.46054189242194,17.838526800700603,2.0427465961608093,0.9001412051587342
1.0719364726303466,36.63755029552183,13.352185972099562,1.7571793553183344,0.8223894638624303
0.32143134108367366,53.07170148912589,35.005298308321045,0.4909411748907895,0.870029379424213
0.04662250507066037,24.016751969262856,19.263903293200556,2.595141040135585,0.17279929105282654
0.004530845728223571,28.119476524809237,26.23157853640819,2.8928879893940787,0.1163216088902278
0.04624926803813182,27.64097955028098,23.81561680145297,2.4790847844936126,0.05755442761309115
0.0688296193074397,26.29539947223439,21.101718390125328,0.7713733998243705,0.3649766495356185
0.029597202316436318,54.563481501713795,49.046096622366136,0.3364054272720215,0.41179643430436885
0.038961149355111774,42.34769558567483,19.103801337926196,3.1067006278716773,0.7721817865490245
0.007595093189830576,21.827518158887997,18.92840488905729,0.44340133565386586,0.9177628044860828
0.09995718287687123,26.9155421682666,19.725337060762133,1.846575489954574,0.9667470542828486
1.0721703818851716,40.221146955546594,14.46179321941052,1.0730609667399198,0.8933587239124796
0.13235147426685281,30.735719902847602,23.710084419531633,1.6233491415421528,0.4938665562021912
0.12238673999676006,33.12957633997982,25.884699860356097,0.9837517135314866,0.5004349164482725
0.09311414844335723,29.20505060427013,20.180041119728507,0.7412325202049544,0.953748836230783
4.024830267152341,55.94001938082944,19.597108947540303,1.0964746953896811,0.3468469773678453
1.7458060798209825e-06,32.16553060889039,32.110902288055996,2.9336419891126155,0.4909599911400391
2.082238421484885,52.198072221289735,26.688364035034454,1.404991946607344,0.28366659289340135
0.1280994031904361,29.72435885025107,20.400003366095696,0.49805927833742564,0.5924190376675855
0.8914408446365466,29.82797156294291,11.07565717294629,1.102732845257731,0.6495404433258568
1.2751323011269822,52.696354867294374,33.90583687909519,1.513437482745614,0.3527723392897
0.06120593281784229,58.65708507344809,53.92501034524692,1.2394996225809245,0.43693864700325036
1.862970731824211,35.99665134235523,15.527837135343834,1.6029303783129754,0.12511301311115075
0.695565513592643,40.24976517570961,23.622326330801357,1.6687004918961217,0.7480244546610607
0.4871153866170935,58.12426255725369,13.353320380658138,0.07877042059490214,0.3790441643076994
1.154343545193794,46.26897632894185,20.44749614340275,1.8259581657657493,0.885132729253131
8.474375669358263,58.53026750689377,15.07024520165782,1.591898150588139,0.0992684965064291
0.4701667100953904,45.80877084593192,30.588245030833697,1.5312196198392314,0.8228578164929214
0.05454425807440601,50.185335179076944,39.87945088219861,0.13084949851828975,0.3445282247877478
0.11318431964070545,43.75096496370407,23.62187090264561,3.063364673571251,0.4268883350503542
0.22487066137984268,51.48560973098874,34.779370832921416,2.9277457571938355,0.37218372113577725
0.16802068998110095,33.8662128465466,26.294425302833087,1.430311193743633,0.40070491728567126
0.044620753563125275,34.30130356593554,10.058083435340912,0.023953811815767403,0.4860781568812361
0.7478830437916688,45.95720303750021,31.003985243610995,0.8522395714840366,0.2571470580063058
0.5461563855372606,36.340749057229885,20.846194960991888,1.2988506313750747,0.60835665908131
1.4362353751990753,31.300965215779982,11.474177120492481,2.057099487024755,0.07473552435446396
0.15888161853301017,42.67831898231847,27.865373011258505,0.2698769363002576,0.7193776306518532
0.04782910697813329,47.863191721507775,25.36030070480681,3.112095696991155,0.4539861845871669
0.001591746100747776,26.11580537538167,21.510824268367752,0.017140188791663392,0.22155719478474312
0.8881900560402068,31.401913760011084,11.519045595485686,1.1996267555966393,0.7177225147732518
1.634312046212615,38.975081258891095,15.890031164808288,2.5074255379374324,0.04482533387338006
2.4003371693561855,40.26804747025224,12.866808393099763,2.233767216032288,0.32063880357756736
0.24518115032078652,23.88580907608492,11.677833497695142,1.1208389481466727,0.804183455200038
1.3825545602484763,53.37121709638373,29.090078909077185,2.4741709964438017,0.008779694721024245
0.28118062314360026,57.4061283443148,33.13091022980894,0.1101360587400994,0.2415104638997395
1.0287631826143748,40.9756959954789,14.007165467680185,0.7267572586264729,0.8311943315673554
1.6101975810055251,58.56620716174849,25.93080412791992,0.7104715680411076,0.7617493856482522
0.00048269012440240133,47.403237449369044,46.85578800246435,0.3708879280006279,0.09386321035227352
0.08953942675616877,47.29494921413718,29.83231231739668,3.0385159346212114,0.5949982429344678
0.012267579540891617,21.365080339774906,11.698424694426672,3.1095000378911446,0.2265724997686991
0.785585420983977,34.14370984131234,12.947851425029937,0.5745540015405867,0.5261452743012386
0.10274347385193855,32.44847460145912,21.823420267074408,0.40539369500226796,0.7951098458574657
1.1300909058381388,38.82438560175232,21.824518023608814,0.9388906551062352,0.0534859074732158
0.0013214126834834086,50.74995609838088,49.627947145898595,2.6798450744712388,0.7243951718136855
0.2688610233594937,40.692140028798754,32.32245064464136,2.2909182538818866,0.03905015395612954
0.45357610099504037,45.95037806518563,27.703481831316793,2.3315827456705764,0.819457095224446
0.28719980262970674,39.39746078875991,28.67408594333472,0.9172990493706904,0.39079684917357016
2.19882027034851,45.258093251807765,19.953051108363454,1.9226272206580213,0.38573396594920484
0.06565403565970425,48.287769131574635,41.82946389025928,2.792077492882873,0.1297693179704722
1.7395508625547975,50.8745347611422,27.850524242911206,2.230844827613251,0.271429970317281
0.7996490535645708,39.2403575027528,22.911914857208323,1.084171079764558,0.3597907050061516
0.7121641311004757,38.28557532510532,16.110857057892687,2.2479345099247734,0.9339182502258929
0.1048797101039468,26.87550256214234,15.482249297726167,2.8494904612834677,0.6651975984408617
0.01569223928199155,49.094922677553285,45.802779887992415,2.424250972499536,0.8557232037626976
0.4463915622053023,24.265329214233198,14.567799541221522,1.8856260206807403,0.0876960431883359
0.6234311903531072,45.13236953019863,26.220745650920268,2.784432839934505,0.22653782377229326
1.3149835806682235,29.10431437076955,10.27671861620083,1.7103440982910387,0.3131511748051192
0.010789548208650798,26.35763400365226,24.765587921226953,1.1956734911376623,0.043630329601843876
0.737416337063037,31.16348394470048,12.78492338011321,1.960282968422184,0.6781482071816238
1.0976646622987543,55.38890241350003,26.75709674591974,2.6603608836709793,0.6757903909686724
1.9662573154349605,48.33291679604952,21.011286751227896,2.1476796589935354,0.4775850927456333
3.811211660178498,43.58979628559301,10.495832080521042,1.6198986976071625,0.41208850454550494
1.1190896477249865,47.952554512756045,26.499535022171735,1.8122771823168673,0.5790354100237964
0.07711692114540923,33.9373652731925,27.692156393818046,0.8250015088279165,0.6366870016988224
0.08198181973881409,29.814826970160922,24.476318995473044,1.6395144524588958,0.6389079965006845
0.11381092811610599,33.042768165138256,15.067533771464834,0.09636773971229114,0.5079618008219543
0.025056492615283702,36.52582640962772,31.909553148069975,0.6038388690159483,0.7184326701204916
2.427873301611278,45.4820629389588,12.267126363159935,1.178082261040259,0.9021580878477938
0.583759382199026,33.13038946828011,15.790183285971995,2.404180209424228,0.6060771834829568
0.12607591562058715,41.350933198606924,32.6384298393142,2.459787678620674,0.841894378707484
0.004830946672152197,36.65216678950031,34.521617075359984,0.49654945633625575,0.8077985456141212
0.24148469060059538,22.67123835367257,13.028966334455454,0.6267185839066075,0.0496170167890323
3.558020446560615,46.84774196521912,15.878665330417013,1.9507409523996655,0.055996200126919304
0.052815757489576814,27.44928894117605,20.168956569587557,2.7308713823879347,0.6647007123775958
0.1193015840220622,26.31804908382442,19.225389888438997,2.505716863954628,0.34602138351899103
0.7695455002922663,25.1078833358357,12.667979328991738,0.9317322378570344,0.01777527016831404
2.263497979963968,52.07841529955162,14.629448246142232,0.9362401129625851,0.9347944260535678
0.0003553779337121796,23.482129757214814,23.06190650258938,0.8024966654273614,0.6019711269645773
4.8164094710231335,56.21644915515101,23.723231190226308,1.4179791767872676,0.14592248535145436
0.14429119595366563,41.22011715914031,33.156812600423216,2.0614065440959797,0.53575797977775
1.1457612009856954,43.70189747895168,29.038082849199483,1.7004874783247372,0.1289427086251248
0.002457008886414044,49.44922072604368,43.57510334391332,0.026378528309580276,0.5189764878054205
0.15133004966978814,48.57334594981374,16.010449464360146,3.067652508237815,0.9486128284806015
0.42614093802131375,37.917621684649966,15.961818336007438,0.2853418458944068,0.3747612058559784
0.09531117339997174,30.469287806299015,19.482321009621685,2.7723250875927774,0.8430563486994866
2.6750605823844813,53.49245113482577,25.99696322830841,1.4030895720195085,0.4061859473063467
1.5633586184153077,47.983275203386725,20.5134223703759,2.5467543629299287,0.3826568287727129
0.8034957523196047,44.88298009096365,23.662436143364445,2.3672495192583924,0.7193947008463781
0.000981308536581568,59.5501826420437,58.86203920318769,1.4109432235679757,0.8938073618742512
0.3267817788378154,26.571053474947732,11.824981834368128,2.7444142132590015,0.4042764224294383
0.21364357716035168,32.54643527221293,20.591434903120238,2.3765806714438003,0.714091950083269
0.14710135567378502,23.842572398516403,17.951981492465723,1.3862541647525186,0.08549468220064982
0.11848782941219779,26.10030578358916,18.713192744917247,1.3605627377879108,0.7175391030314989
0.0027075867255037054,32.485411103373636,31.45445844742574,1.447928688476462,0.6099597138881724
0.3225746854024726,40.39723602308916,27.58697363382369,1.202328769502458,0.8521951884967792
0.09833202940766063,32.157112793393594,23.550419745879758,2.7511487582165475,0.3882210805577616
0.04695173727231678,29.842344016399053,23.849029764898148,0.7260282673910321,0.9582056145069245
2.6441637567001433,44.42378731804163,15.172421275336788,1.2976077278627063,0.4551715585078393
1.388452944897432,47.505672093989695,29.00503119994375,1.4069230899251717,0.13995669859336823
1.1747514192772877,54.40517556813604,28.23051368763857,0.6641411046029415,0.4881679374470448
1.0879907257108652,28.207599629132105,13.163562797656299,1.5879853391244405,0.016314765465407777
0.007211281745016811,27.69196246884235,12.636713318468633,0.01333446233342536,0.6860172030339722
0.20202549219648294,40.9301296251106,30.588491253509147,1.4755261084728393,0.9024981633833754
1.5518988645739744,50.651811097249194,24.215113957492726,1.9603209426860135,0.6438789624502437
0.026328293530345177,49.84767576093284,41.15851079426149,2.9410821554428845,0.9958313231501792
0.057057650727763115,33.143165392673154,12.548364831765397,0.0623019132580728,0.9243457329358521
0.1717253826392438,39.093980522309124,17.192437438554407,0.14367356090267971,0.7377670284362691
0.008280607257922847,46.40687547580257,41.42736675851502,3.0464386955092793,0.3899615048483892
0.2826181151988175,36.791739921970915,18.768148900969983,2.6127485644087884,0.7514482059508005
0.18528587038985694,31.8745290090215,19.437439494078788,0.3251561973243803,0.294026542462719
0.09936611165286649,43.620947809541484,23.21014515631429,0.08975482342949506,0.6304169779125761
0.3349825541081655,52.633997364279736,41.65083171940418,1.068775684038939,0.6248392634134061
0.01647157048693628,42.74670666799042,38.44331196468614,0.3490149946734398,0.6268001018196131
0.0024519327556631215,40.27089405582173,38.57496560369731,0.2120923493985333,0.20485957908387642
0.8917852571175786,47.50868062704467,23.593801365652837,0.6881510726148732,0.8020341460618522
0.016702570935107876,57.19349145527882,54.134080306078914,1.0135848820153728,0.7457169213653807
2.0310809649330275,44.42799370482249,19.593228129258954,1.1424605805862291,0.3163092617851724
0.2618765419777204,40.35483814404702,29.816864527748436,1.9488292283593451,0.6179280669164781
0.00264963433023626,20.337379550639074,19.247488799576097,1.7054236672034675,0.8411599786109137
0.7564462482663417,55.087329753743475,39.71680488646159,1.6385219685493004,0.7341840186329435
0.47983960565505407,35.02651789688976,19.714908229941294,1.749387109464054,0.7945612102512811
0.010137400709210842,30.05821362986761,25.997242569781676,0.17401412172587746,0.32662064885311304
0.11830311036325464,52.497932049114844,44.42086611024647,1.4378958368695787,0.7803936949230925
0.07017975265949933,22.270523630403623,17.521063674318114,2.349825332871657,0.12232897852576796
0.045225020538865755,25.253529147046553,20.177490498181392,1.1389114691202642,0.9902879379796324
0.11850310727196005,25.56767748697049,17.96200616063941,0.47833968343871885,0.027313674325485038
0.3769616973375564,30.41511237543585,14.995031318785935,0.2953233989368086,0.06492405776402832
1.635670799638596,42.16752461711147,15.151262439241759,1.5287319699722983,0.8045100045332764
0.1761952074700753,38.96375668352318,31.045963202830833,1.3156361067736042,0.34587327097168796
0.13723691815503689,27.457573231570272,19.340873712310216,1.0340861495809617,0.6172123654528872
0.1337833597599593,23.277113411282343,10.57343346934393,0.27956816175168175,0.4134170679697009
0.8447608514925388,47.22435957630378,26.023581108607665,1.9497363100432057,0.7840022044950428
0.14162696183509005,43.36201792384912,34.97937712568665,2.091688295222144,0.5324249086687695
1.432184478808024,57.13082875422336,33.83485471153803,2.264137255421717,0.44313867559517806
0.13454092542993767,21.360053238299514,14.45031005109286,0.9995208199825293,0.40589386131027105
0.00010787697392232025,28.523121102841948,26.406535420324833,0.009022248795934145,0.5954225619116017
0.3580237076153467,39.916175019821985,24.048208909491088,2.6849449077023344,0.48298745929709064
1.2680278499590394,35.40396452188934,15.542842978788762,1.6392426283631891,0.44329845386418054
0.06032996366906069,20.793301929780913,13.032466065917257,0.4742127141350187,0.7724986814011409
0.05830483833093373,42.372743989972335,34.97366764047457,2.888957161509721,0.07778290512102348
0.007839592078552237,37.37935137348455,36.00249134634643,1.1528543991751155,0.07511516254958728
0.5786252302888606,48.833560883919304,28.184789754304482,0.6642208319603456,0.876229754750204
0.012289593776276584,22.86966301527908,19.830874209674494,2.574761195817402,0.7158822665147846
0.711061513253334,37.20340693331006,12.048136649542293,0.47441106365919133,0.768718654854446
0.1331062901580955,33.52614744627705,18.86078966543461,0.18925902336502262,0.26771809085241627
0.0004253424242999571,47.59030882173117,46.353699625996725,0.08790828661938906,0.44735079165503544
1.1769139020770059,43.049195440932664,16.717811690041167,1.1254776931731068,0.8773939652856624
0.13423423697119805,23.531047840177415,16.361559427481247,0.6936761991138953,0.2159388538199074
0.29624225615497,22.20321760349233,13.513067608447757,1.841703878562857,0.030564013418269087
0.09385148317666941,41.32773238655515,28.292273874674024,0.21925547716118146,0.6320323188610895
2.5850532305047973,57.320093216207574,25.061246818837663,1.2154703629896455,0.6987097363817145
0.21345870068536443,26.62706380278768,10.989140703692726,0.5139643701387345,0.8308026739989547
0.14483273287782694,26.01028751563235,12.792011678426459,2.818957747908934,0.6448286943232225
0.004052052142695221,52.54223196661548,50.32924476979577,0.3341793800274279,0.7564604174269058
0.08588345908543621,24.141435058849442,10.138383432528586,3.004113951890038,0.49204127238301165
3.555371761813907,47.29465368422546,11.779718094985544,1.4359712087015664,0.7322727757845809
0.26154762520216035,25.016406321912235,17.181019624407927,1.1915615288885784,0.20755856761947677
0.0065285206547790195,25.427577587740306,22.05453785472009,2.9897895980527927,0.06771675843635283
0.016154586997772443,27.636891804067147,23.15397596413238,0.22859720519490076,0.25216634238252456
1.9592319002887517,58.991965472562796,27.82265412699535,1.277286843955087,0.7689321139975084
0.0019008058545034016,56.65189610101287,55.767646453286545,1.5356984961478979,0.4801454265307412
0.0077470172946155725,24.58870217641255,17.203851977533397,0.07093986086994174,0.8582015704439785
0.39680305538556676,24.109294214605672,10.723693814690966,0.8622318078467572,0.5175536330910797
0.05831761090134676,25.132067656447262,20.467856940046588,2.5014859316870237,0.162797077387133
2.0516214636351817,52.95366763427638,25.669297294932612,1.2735074902137904,0.469260088583054
1.288380798328742,50.23037771947657,25.666398722970477,1.5582611800095634,0.8280801069293534
0.00012543351064120764,48.576451819105316,48.27561266314236,2.570916703059391,0.7119120802376848
0.057200763360850976,40.466948605112265,34.80011168559986,1.4398374681215702,0.9281540216654798
0.4951740013476242,51.73226606431547,38.06755903685063,1.6346684959551272,0.6496842892898036
2.398304101896547,51.840339236798634,19.050109047907508,2.703090293506147,0.04819438099136286
0.08024294446474971,27.10274110406429,20.264288925519537,1.0701027526085054,0.9279438881182854
0.6493504982128456,54.19867606931024,36.631279736937444,1.0145524603483287,0.7023961655926944
1.3273933129056708,54.081113667594835,30.039247390790038,1.1531320259293392,0.7087569244276288
0.05396691726365832,42.933431098980016,39.79938085660842,1.5722215704131406,0.022974974137805804
0.7075231960170252,47.1454876894368,30.707064390364277,2.093919277754047,0.6840347139912306
0.062349598397471465,39.405105272405066,32.647362593461736,0.31116797047518685,0.05308451167492689
0.01104876906770794,47.54983702870165,45.86674313746307,2.258284406523399,0.13983085650343396
