name,attr_conc.mean,attr_conc.sd,attr_ent.mean,attr_ent.sd,attr_to_inst,can_cor.mean,can_cor.sd,cat_to_num,class_conc.mean,class_conc.sd,class_ent,cor.mean,cor.sd,cov.mean,cov.sd,eigenvalues.mean,eigenvalues.sd,eq_num_attr,freq_class.mean,freq_class.sd,g_mean.mean,g_mean.sd,gravity,h_mean.mean,h_mean.sd,inst_to_attr,iq_range.mean,iq_range.sd,joint_ent.mean,joint_ent.sd,kurtosis.mean,kurtosis.sd,lh_trace,mad.mean,mad.sd,max.mean,max.sd,mean.mean,mean.sd,median.mean,median.sd,min.mean,min.sd,mut_inf.mean,mut_inf.sd,nr_attr,nr_bin,nr_cat,nr_class,nr_cor_attr,nr_disc,nr_inst,nr_norm,nr_num,nr_outliers,ns_ratio,num_to_cat,p_trace,range.mean,range.sd,roy_root,sd.mean,sd.sd,sd_ratio,skewness.mean,skewness.sd,sparsity.mean,sparsity.sd,t_mean.mean,t_mean.sd,var.mean,var.sd,w_lambda,leaves,leaves_branch.mean,leaves_branch.sd,leaves_corrob.mean,leaves_corrob.sd,leaves_homo.mean,leaves_homo.sd,leaves_per_class.mean,leaves_per_class.sd,nodes,nodes_per_attr,nodes_per_inst,nodes_per_level.mean,nodes_per_level.sd,nodes_repeated.mean,nodes_repeated.sd,tree_depth.mean,tree_depth.sd,tree_imbalance.mean,tree_imbalance.sd,tree_shape.mean,tree_shape.sd,var_importance.mean,var_importance.sd
mfeat-fourier,0.01182672606024812,0.007910502720947406,3.584956441221679,1.4726575779465782e-06,0.038,0.7214369787874418,0.23007354764938867,0.0,0.038622349089140175,0.034718768067232376,3.321928094887362,0.14589066038128862,0.10352045337399217,0.0007167773171461904,0.0009834523779476115,0.005520282684969964,0.01212796094388826,11.401216482645072,0.1,0.0,0.11176989956186348,0.05890530497567272,0.797043009074108,0.08415997438098963,0.04566589766420451,26.31578947368421,0.0959872591118421,0.053104807527475296,6.6155184261905084,0.230406794841845,0.11259554101330853,0.6362908601643319,30.9899302564195,0.06997288616407896,0.03795016888764272,0.3819513794736842,0.14996471638605519,0.13203208401769737,0.06846331864492629,0.1262276590789474,0.0698719976883466,0.003192156710526316,0.002479226632292895,0.2913661099185337,0.23040676021179654,76,0,0,10,0.00631578947368421,9,2000,0.0,76,69,11.303958213342096,,5.107712527881371,0.37875922276315793,0.14835346525342397,16.40390119780613,0.0671079516668835,0.03209926657758911,2.100858788656289,0.5438839049092433,0.2488123124334294,1.6084735963029035e-06,5.295566083550239e-07,0.12739265661875,0.06888200686591843,0.005520282684969967,0.0058788737976118435,5.040807615359755e-05,236,11.186440677966102,3.4119917501144257,0.00423728813559322,0.012446260972234394,328037.4115893051,827569.3173392639,0.1,0.05128499759507443,235,3.0921052631578947,0.1175,12.368421052631579,8.499741998148398,3.3098591549295775,2.1685515198318415,10.21231422505308,3.6509306821320764,0.05177670046804685,0.07518469098142358,0.023250822293556343,0.04950565195615647,0.013157894736842105,0.027475310617708443
mfeat-karhunen,0.010145833401683235,0.004944940177346644,3.5849565906921574,1.0831206646577665e-06,0.032,0.8098470653325872,0.11446801361698118,0.0,0.036046468144852184,0.02517886417733165,3.321928094887362,0.1072004660490464,0.08336768154338596,0.5524602893457023,0.9243396345741862,6.4915886772050735,13.01380895701945,12.06035335179629,0.1,0.0,,,18.49833337249563,,,31.25,2.9604338379296875,2.05382807546251,6.631442665102352,0.1808659862193914,-0.0514900121007718,0.25343786689836234,29.175618867668103,2.182102207215,1.4923378033998846,6.893724891875,3.9036383210531334,0.05308473924664062,0.7394593795167501,0.04568855382812502,0.7425866299063965,-6.7565145228125,3.3739291081874154,0.27544202047716854,0.18086576650133496,64,0,0,10,0.000496031746031746,9,2000,28.0,64,61,12.015285701439717,,6.007493832181573,13.6502394146875,7.023282595502795,10.86103679539147,2.1526628287026788,1.3737240029177478,1.9060359245845857,-0.00427923625665644,0.1644583897068151,1.517067369877409e-06,5.363521576058539e-08,0.0462514596875,0.7426381825565573,6.491588677205074,9.75555816406087,1.2563704282949598e-05,186,9.172043010752688,2.2135877978251997,0.005376344086021506,0.015170767750170507,26000.33726273726,38869.72120967642,0.1,0.022412183800521117,185,2.890625,0.0925,13.214285714285714,10.482062124106418,3.3636363636363638,2.1973353927616124,8.199460916442048,2.5739022284415656,0.07865150157433103,0.089568976398875,0.033042989751344086,0.04568686784475754,0.015625,0.02957865924076085
mfeat-zernike,0.018000663367649078,0.016863398648777363,3.584956726082243,1.795561255245292e-15,0.0235,0.7160985586972514,0.2557856482035986,0.0,0.05397938200340831,0.02411376993342046,3.321928094887362,0.2577673468649649,0.21297227886581258,386.5446035561373,828.0089360777957,2910.4386186554443,7370.01657264017,8.330996171658219,0.1,0.0,76.10954922235662,100.61616211231592,532.6752210221024,59.27453675011991,97.41204915429475,42.5531914893617,56.50728719276595,51.86985380620136,6.508141618303341,0.17153442572347957,0.7268303504961955,1.4168759180277448,20.23785046785179,40.98755702567891,37.670969851165694,221.22523790510638,207.45851057764443,88.63642941472713,105.16803471792882,83.48502914585106,103.68203413984314,13.034599618723405,49.82700295491813,0.3987432026662615,0.17153442572347957,47,0,0,10,0.1267345050878816,9,2000,0.0,47,40,7.990640347248165,,5.138584694530008,208.190638286383,186.03906133132602,7.218153668563029,40.125452921755205,36.45073279651477,,0.7896442267750822,0.48693065342941755,1.591106059069886e-06,2.895691464151629e-07,84.67692958992872,104.00831986604496,2910.4386186554443,3886.029216633387,0.00011890896299392039,345,15.797101449275363,9.546976433187679,0.0028985507246376816,0.009558563260994057,35046319373158.96,325890570883183.75,0.1,0.07221535520647192,344,7.319148936170213,0.172,7.020408163265306,8.747594421511854,7.478260869565218,3.188445322548158,14.821480406386067,9.630004142364408,0.019548555007062672,0.04769092101898779,0.01606856112889215,0.04228088444099599,0.021276595744680847,0.026581674892243938
segment,0.10142752304692199,0.1477418015604445,3.1577747977228476,1.2881265312871615,0.008225108225108226,0.746032835077116,0.26259938667332244,0.0,0.14558069411346905,0.11207342663603843,2.8073549220576037,,,189.53910914311987,420.1662939332442,1184.9900527038255,2510.358067786874,3.2015162623229205,0.14285714285714282,2.997944808332385e-17,,,86.24217319696156,,,121.57894736842105,27.380688407894738,35.62624914861224,5.08824680180312,1.010604639908846,,,47.38129430860084,18.216463326710524,24.876632583199815,200.6265802631579,363.91167148839236,24.633144132657645,39.2998885363231,19.49949257894737,37.90662663499397,-4.107588421889189,14.262996773125275,0.876882917977332,0.5878884096087877,19,0,0,7,0.2222222222222222,6,2310,1.0,19,15,2.60113617563306,,3.6841821354852224,204.73416868504705,361.6810880924728,25.811325331371098,25.31471448098148,23.96635417686176,,,,0.08461444235129945,0.24005678431458097,20.994659390863525,38.59168329264506,1184.9900527038253,1511.5165138851264,0.00012186060090375333,72,10.708333333333334,3.429111082613307,0.013888888888888888,0.0352793559437967,49773.42959262959,77334.32191768331,0.14285714285714285,0.14066326884735003,71,3.736842105263158,0.030735930735930735,4.4375,2.5552234083669996,3.9444444444444446,2.645133649958692,9.79020979020979,3.5778133751255696,0.053698454531437685,0.09901224546373116,0.034891764322916664,0.08936721476760214,0.05263157894736843,0.0966857784434384
oil_spill,0.0764445269718965,0.13931356644847884,2.848414143188567,0.7736934726103989,0.052294557097118465,0.6524794343532827,,0.0,0.0132169120581329,0.07106729419583359,0.2592588744223089,,,54970993.5401527,999262437.8092957,299548282875.5558,2096828143233.8872,18.768944910558446,0.5,0.6452255047113107,,,923326.506093991,,,19.122448979591837,4460.101020408163,29327.321659693756,3.0938598344160937,0.7698588658553585,,,0.7413393987753121,2621.9254525714287,17138.98628809948,1463559.2765306123,10186705.383199131,16103.506455470133,109906.56765023358,4061.272653061225,26590.197147318515,1506.137142857143,10038.919785854907,0.013813183194781671,0.013000249064621982,49,1,0,2,0.1607142857142857,1,937,1.0,49,38,205.20982890204752,,0.42572941225397976,1462053.1393877557,10176670.772691375,0.7413393987753121,78741.02242778486,547228.9774183991,,,,0.060873348201620735,0.1658138201153723,4490.108105629462,29485.064419743845,299548282875.5557,2096816450729.2095,0.5742705877460202,35,6.485714285714286,2.441930631710089,0.02857142857142857,0.11635723936807833,1134.5777777777778,1302.3872781251443,0.5,0.020203050891044183,34,0.6938775510204082,0.03628601921024546,3.4,1.955050439815357,1.619047619047619,0.8646496675642961,5.594202898550725,2.675151675632343,0.112028957217592,0.17434577228357506,0.1256138392857143,0.10401168278258567,0.02040816326530612,0.04948748005988787
synthetic_control,0.09828647867716353,0.07617311846926153,2.9999989313053406,5.803663949711227e-06,0.1,0.6769927105642939,0.36510584871387586,0.0,0.15810065255820838,0.06774298132442808,2.584962500721156,0.45564968657727045,0.27301578628391143,55.6640937735827,56.50556476142477,109.32034165902887,618.8679826277236,3.0699667795830714,0.16666666666666666,0.0,,,100.04228284226464,,,10.0,15.669395833333333,7.760117655741885,4.742944991356015,0.345708363230055,-0.5708726801319146,0.5960082098392693,32.29925556883329,11.591077995,5.7271524831322855,52.82164,6.449145338756662,30.09216547040833,0.748788644029861,30.034975,0.7952112636093547,7.978913906666667,7.529777998651092,0.8420164406704808,0.34570820969120963,60,0,0,6,0.43333333333333335,5,600,7.0,60,26,2.5628745311867087,,2.8248047738462665,44.84272609333333,13.220858100201237,17.334845544933707,9.751691244309711,3.803414104305423,1.4742078709806583,0.03383486492439054,0.28970936194755886,3.5879448952356275e-06,4.029997436180879e-06,30.076544106481478,0.5950707709066212,109.32034165902897,74.9906795843628,0.0007848788816695978,34,6.588235294117647,2.0906378185648387,0.02941176470588236,0.05235350308247703,899.0222222222222,936.1495178696615,0.16666666666666666,0.0824928783057358,33,0.55,0.055,3.3,1.888562063228706,1.32,0.47609522856952335,5.701492537313433,2.3485322648807463,0.0982920200298141,0.13076298346370824,0.10828354779411764,0.11801239736219396,0.016666666666666666,0.05505073250408838
analcatdata_authorship,0.013186433832690315,0.008203669500374674,2.8939566006532362,0.38307798019991973,0.08323424494649227,0.9360618658181407,0.02774830218451772,0.0,0.05577091822684961,0.03474280681278571,1.7874160492261657,0.14842389025036848,0.11554627164169456,5.460666436075887,13.537410787282724,50.917968485848576,174.7211759165325,6.8275440021895255,0.25,0.14439255472989965,4.390547753420648,13.163716628685128,61.45022808972294,4.016060453824013,12.316659200292655,12.014285714285714,7.1571428571428575,6.868613163578967,4.419577771859876,0.37550668236635315,2.3253142913452103,3.630128984082674,24.319674030305077,4.998479999999997,4.579578569485074,34.4,30.42758092848362,10.12524205877357,13.369742790633518,9.2,12.729743784208472,0.8285714285714286,3.4261205871120057,0.26179487801952783,0.16488523329734536,70,0,0,4,0.007867494824016562,3,841,1.0,70,68,10.054290376289828,,2.630175386465062,33.57142857142857,28.01737112732257,11.871770817138694,5.356526083946353,4.748442575873746,,1.110728918783191,0.680273120614929,0.0488234358962868,0.028408731203384656,9.431145685997171,12.958362044555528,50.91796848584856,124.96869779446949,0.0015708720217630858,32,5.5,1.270001270001905,0.03125,0.07766083632615316,333.29523809523806,238.3044955460746,0.25,0.06750771560841522,31,0.44285714285714284,0.036860879904875146,3.875,2.5319388392523003,1.4090909090909092,0.6661253213344646,4.603174603174603,1.7183983778946745,0.1368765457195767,0.11581502383801513,0.142333984375,0.08446396088182535,0.014285714285714285,0.05359676895644889
fri_c3_1000_25,0.012632465899354567,0.028266708435698503,3.1699067665414384,2.59948568812618e-06,0.025,0.4414903204218176,,0.0,0.005166987251937997,0.011569561710854836,0.9906049558738161,0.040460916651244384,0.1076112087011546,0.04046091883438548,0.10761121316648749,1.000000062056793,0.5739916936410192,29.769123214994654,0.5,0.08061017305526645,,,0.9166352411061351,,,40.0,1.6674999000000001,0.13777520435377316,4.127235466721743,0.07772304508165861,-0.9946649598550888,0.6686029731563012,0.24210286991444394,1.22654845656,0.12828438039653844,1.91729264,0.62275147900312,-1.6000000098159708e-10,1.052647456045995e-08,-0.011378559999999998,0.08193784256492335,-1.8277704399999999,0.22295234350081783,0.03327625569351166,0.07772286531001284,25,0,0,2,0.023333333333333334,1,1000,0.0,25,2,94.26032002331078,,0.19491370302615915,3.74506308,0.7912224923226359,0.24210286991444394,1.0000000310283959,1.1812516923733479e-08,1.0257883200306586,0.0643305084288222,0.31118339005594425,1.6032048064081512e-07,3.749151941505341e-07,-0.008654665666666662,0.053522149506441595,1.0000000620567928,2.362503461438716e-08,0.8050862969738408,73,6.958904109589041,1.5132595077842872,0.0136986301369863,0.03761710785869866,1810.5396825396826,1336.0762718641488,0.5,0.009686394262829457,72,2.88,0.072,8.0,4.8218253804964775,3.4285714285714284,2.8208408067707147,6.0137931034482754,1.9649222733303942,0.14169803404804612,0.09348831482686995,0.07528895547945205,0.062113982190849716,0.04,0.08474250582380242
fri_c4_1000_100,0.008110868618560857,0.001307694947792896,3.169907546387145,3.9188721251878874e-06,0.1,0.521294436778256,,0.0,0.0020376363084739025,0.00596246615740072,0.9881489563064276,0.026366251866693398,0.03487722702964316,0.026366253403106155,0.03487722897013859,1.0000000583290256,0.43719042504563066,78.67483306909293,0.5,0.09050966799187804,,,1.0590590307806929,,,10.0,1.7142972549999995,0.08451335842685362,4.145496590994254,0.03989369395252076,-1.147499398508385,0.32298755057745043,0.3731508443515313,1.268005058607,0.0771774561351962,1.7998115299999997,0.34863316166850633,1.0200000000482046e-09,1.0340642576362972e-08,-0.0062526349999999994,0.05396539091361115,-1.7396180799999996,0.0848836542249413,0.012559911699318466,0.0398934749947534,100,0,0,2,0.0018181818181818182,1,1000,0.0,100,3,251.38294840553317,,0.2717478898159592,3.5394296099999996,0.4040810657601723,0.3731508443515313,1.0000000291645121,8.396084931611523e-09,1.0546308038614685,0.03142559634586271,0.17270802585474512,2.104607912821064e-07,4.571207701472474e-07,-0.005975352650000003,0.032525730474092004,1.0000000583290256,1.6792170368317765e-08,0.7282521101840408,66,7.0,1.7628648013084576,0.015151515151515152,0.043924145252133666,2014.5604617604615,2394.7749040792382,0.5,0.02142747821777415,65,0.65,0.065,5.909090909090909,4.323298404101791,1.6666666666666667,1.5101992432741993,6.061068702290076,2.151048850394186,0.09634819885746675,0.09088531141278954,0.07896839488636363,0.07093649157118777,0.009999999999999998,0.04350589269398325
fri_c4_1000_25,0.013735597681670634,0.030873294145317285,3.1699067665414384,2.59948568812618e-06,0.025,0.3902886913514059,,0.0,0.005049628721897196,0.011239627602983167,0.9936167534536142,0.048123792959239714,0.11948615518564482,0.048123795320545545,0.11948616080412883,1.0000000505440148,0.6431417513079487,31.355702146449506,0.5,0.06646803743153548,,,0.7753381661983302,,,40.0,1.66037766,0.1574553568343507,4.131834969414593,0.0730988072472498,-0.9760483344524625,0.6078569503113671,0.17969777306733348,1.218651624876,0.14419638376917313,1.9767236,0.6366204967721482,5.200000000726844e-10,1.0851727971758346e-08,-0.02464934,0.0884901347202425,-1.8115443600000003,0.18286976554843615,0.03168855058046034,0.07309862602396887,25,0,0,2,0.02666666666666667,1,1000,0.0,25,3,99.03318891133041,,0.152325262596793,3.78826796,0.7815764695821773,0.17969777306733348,1.0000000252720072,9.858567099898024e-09,1.0270372164765982,0.10115509543696712,0.32115581414885,0.0,0.0,-0.018654827400000004,0.05877830768850887,1.000000050544015,1.971713466737005e-08,0.847674737403207,74,7.405405405405405,1.9368023280790876,0.013513513513513513,0.03690054877389879,3218.9264069264073,4699.917052079676,0.5,0.0955549704306145,73,2.92,0.073,6.083333333333333,4.6604395682914905,3.1739130434782608,2.5699694712202232,6.462585034013605,2.297324557206567,0.08753625493369926,0.08496984880384478,0.069580078125,0.07399584818297084,0.04,0.08471121972034668
fri_c4_500_100,0.01176087979804343,0.0026905871402195885,2.8073203201603487,0.0,0.2,0.5959023414060811,,0.0,0.003135582884915401,0.0074586474644639,0.9873944843383377,0.035493693507218045,0.03812197039632193,0.03549369544889547,0.038121972044821865,1.0000000554272612,0.5208448498666195,69.23317044911651,0.5,0.09333809511662425,,,1.3489799532031896,,,5.0,1.7073932699999999,0.09164847132834693,3.7804529343873923,0.03667580020010874,-1.134816629419952,0.37844758844058296,0.5506270437494631,1.2634912606679998,0.07844862397925668,1.8059539499999997,0.4203268563290744,1.4200000000563763e-09,1.373720157338517e-08,-0.011262,0.05583456606043039,-1.7335001199999995,0.10471924076756359,0.01426187011129342,0.03667580020010874,100,0,0,2,0.0014141414141414141,1,500,0.0,100,3,195.84096813764563,,0.3550996004932497,3.5394540699999992,0.4685481754793151,0.5506270437494631,1.00000002771363,1.2816797298841164e-08,1.1109221815880859,0.03515072672815847,0.17803732755143836,3.2128385026564406e-07,1.0950153788309116e-06,-0.005992767066666669,0.03178615094343429,1.0000000554272614,2.563359527733171e-08,0.6449003995067503,37,5.5675675675675675,1.0939363311896615,0.02702702702702703,0.06107667607491718,379.96190476190475,254.10498430496565,0.5,0.01911099408612287,36,0.36,0.072,4.5,3.4226138716316967,1.6363636363636365,1.1358007263790995,4.657534246575342,1.6177760633573466,0.15881486220694221,0.13807741411269306,0.13239020270270271,0.06613624504883203,0.01,0.04814892538494211
fri_c1_500_50,0.011858566127180224,0.0031529984759267275,2.8073195073475357,5.747454520287042e-06,0.1,0.4731282802707924,,0.0,0.004291785253091523,0.011091884205497546,0.9983373765218819,0.03624463244864945,0.03769006521614364,0.0362446345957059,0.037690067800861676,1.000000058792349,0.36966573565395344,48.83869551154321,0.5,0.033941125496954314,,,1.0604638206162345,,,10.0,1.7141491350000002,0.0564610231673371,3.7852153596627374,0.057225065618222624,-1.187147315387287,0.06207074455905807,0.28841135886945524,1.2713437329600001,0.038798123220677196,1.73799192,0.08699717183224862,-2.3599999989887267e-09,1.5320734249180003e-08,-0.0015425100000000002,0.03861452027602903,-1.7491550200000001,0.07692268635839122,0.02044152420667995,0.05722528083694334,50,0,0,2,0.0008163265306122449,1,500,0.0,50,0,136.33415761776465,,0.22385036959199747,3.48714694,0.12743440601479353,0.28841135886945524,1.000000029396174,1.1793808403061516e-08,,-0.00735066616858652,0.06978782035297282,1.6064192513282203e-07,7.949713604449245e-07,0.0021954059333333413,0.019097557145747443,1.000000058792349,2.3587617560959887e-08,0.7761496304080026,46,6.239130434782608,1.4481372342686871,0.021739130434782608,0.053056965102554816,750.2730158730159,579.0293346536139,0.5,0.0,45,0.9,0.09,5.0,3.3541019662496847,1.7307692307692308,1.0414486951431572,5.318681318681318,1.879001631358294,0.12166642692309675,0.09644289809766429,0.10538383152173914,0.08165729549045893,0.02,0.06540995381472706
fri_c1_500_25,0.012540212693451342,0.002402423676604737,2.8073203201603487,0.0,0.05,0.46537843606221646,,0.0,0.006667481197247199,0.013725289902990725,0.9966619137320387,0.04021947770411149,0.059024793855201055,0.040219480241710584,0.05902479770954687,1.000000062797678,0.35671838494873886,31.531410577322045,0.5,0.048083261120685235,,,0.99074882796067,,,20.0,1.7209737,0.06271049465678741,3.7723736919501234,0.0680053706234468,-1.190706490701968,0.11036591654198555,0.27644977654103353,1.2756898859039998,0.05209660024443516,1.7487813600000002,0.11845434901256266,1.1999999995282448e-09,1.2369316875020413e-08,0.0181381,0.04636869204898208,-1.73094368,0.12386873493061111,0.03160854194226426,0.0680053706234468,25,0,0,2,0.0033333333333333335,1,500,0.0,25,0,87.81524257867264,,0.2165770887517145,3.47972504,0.22301392261517358,0.27644977654103353,1.0000000313988382,1.3371608379360025e-08,1.0256443896473275,0.005549896740276148,0.08109854761972386,3.2128385026564406e-07,1.111993373911165e-06,-0.001996569866666669,0.022106177946289766,1.000000062797678,2.6743217590848636e-08,0.7834229112482856,46,6.717391304347826,2.115162651778406,0.021739130434782615,0.053742776168878396,1514.6112554112551,2061.5008929621545,0.5,0.061487546190134565,45,1.8,0.09,4.090909090909091,2.467976720090587,2.3684210526315788,1.8015587792486036,5.802197802197802,2.4139399800132204,0.09550740403429513,0.09763104681960091,0.10060716711956522,0.09212647663094987,0.039999999999999994,0.08605184306627947
fri_c4_1000_50,0.011582655826089123,0.028031932712395426,3.1699072864385753,3.56191297357594e-06,0.05,0.45944977396148906,,0.0,0.0029779539104627718,0.008414554258794006,0.9895875212220555,0.029974658898338984,0.06049499615137271,0.029974660778132496,0.06049499972209905,1.0000000634171102,0.47723881939977403,52.92821354922697,0.5,0.08485281374238575,,,0.9416928543332398,,,20.0,1.6920066399999998,0.1071272277123542,4.140798020921331,0.05595662156563505,-1.0692080032856708,0.4810959695662409,0.267578292163937,1.251884266962,0.09354246023322926,1.8756043199999999,0.5556465995229394,1.76000000005061e-09,9.173075063745206e-09,-0.008781849999999999,0.060070899389316014,-1.76093666,0.11134039279992337,0.018696786739300572,0.055956381393983276,50,0,0,2,0.006530612244897959,1,1000,0.0,50,3,168.54289154806708,,0.21109409479326338,3.636540980000001,0.6089394569735858,0.267578292163937,1.0000000317085544,1.0193082519983609e-08,,0.04588548825353301,0.23082818850833786,1.2024036048061132e-07,3.289182302015177e-07,-0.007020404033333332,0.03895080568684546,1.0000000634171098,2.0386165655542125e-08,0.7889059052067366,85,8.411764705882353,3.4096994618540895,0.011764705882352941,0.03515938100747981,30895.214563214566,69203.3900817247,0.5,0.008318903308077,84,1.68,0.084,5.25,4.139243087006769,2.27027027027027,1.6939212996386135,7.4674556213017755,3.620437198932149,0.06366014454367457,0.10075038629452295,0.06432064280790441,0.06393183996804458,0.019999999999999997,0.06102748816624122
fri_c4_500_50,0.011806227003740314,0.0025512074796687568,2.807320320160349,4.485978453382215e-16,0.1,0.5136083730961344,,0.0,0.004249716135250758,0.009877304472601987,0.9977366703420346,0.041824096606547116,0.06481899441496716,0.04182409918528366,0.06481899848716141,1.0000000620802234,0.5453131228719398,51.23387405190709,0.5,0.039597979746446695,,,0.9508711903131893,,,10.0,1.7017578299999996,0.11085351596130484,3.785582830314317,0.04757079796460164,-1.104482064661178,0.3806507427311263,0.35831466136335577,1.2548407641,0.09988115750038735,1.85100008,0.41914642186875606,-4.800000019056224e-10,1.5410359623332564e-08,-0.01916529,0.0768151576100315,-1.7335168199999997,0.13693126288906965,0.01947416018806596,0.04757079796460165,50,0,0,2,0.007346938775510205,1,500,0.0,50,2,143.15616863831255,,0.263793560914458,3.5845168999999997,0.46510314612436854,0.35831466136335577,1.0000000310401114,1.2473277606192146e-08,,0.05681294079993636,0.21402760860275288,1.6064192513282203e-07,7.949713604449245e-07,-0.010819776733333333,0.04124781427944922,1.0000000620802236,2.4946555888996235e-08,0.7362064390855421,44,6.181818181818182,1.6178183310309824,0.022727272727272724,0.04875776080687703,824.4571428571428,1002.5517249472006,0.5,0.06428243465332248,43,0.86,0.086,4.3,3.2335051500740732,1.4827586206896552,0.7847060257179305,5.264367816091954,2.008469104120839,0.10547363454022164,0.10500773085204537,0.11066228693181818,0.07859702874823764,0.019999999999999997,0.05129606429839368
fri_c3_1000_50,0.011987919267473222,0.029392733375855518,3.169907806335713,4.266545252634245e-06,0.05,0.47750467013764697,,0.0,0.003285553849267722,0.009092644374028389,0.9912540071703688,0.028617336750938492,0.05544688602238445,0.028617338386875614,0.05544688922825171,1.0000000573635424,0.44106688278687656,48.166372895246866,0.5,0.07778174593052026,,,1.0051333163345495,,,20.0,1.7049197199999997,0.11533563062793505,4.140582020019739,0.06005829164077349,-1.102682123051628,0.4849783793840377,0.29535475810062956,1.2607074864299999,0.09781159531952875,1.81393922,0.3790680103816001,-2.0000000008124633e-10,1.0176002180428988e-08,-0.01001873,0.05899404192704462,-1.75338086,0.11708501442393669,0.02057979348634299,0.06005784865765035,50,0,0,2,0.005714285714285714,1,1000,0.0,50,2,153.03010766066745,,0.22801071000326303,3.56732008,0.44770571170214946,0.29535475810062956,1.0000000286817707,9.55200770403449e-09,,0.04136591316754558,0.231865400781344,1.0020030040050944e-07,3.0365276524341156e-07,-0.006821533233333333,0.039936225346472544,1.0000000573635424,1.9104015890798387e-08,0.771989289996737,77,7.545454545454546,2.191763616633001,0.01298701298701299,0.038989706302296034,4777.128471528472,8990.14828088082,0.5,0.009183204950474607,76,1.52,0.076,5.846153846153846,4.3175254071082945,2.111111111111111,1.982462794142359,6.601307189542483,2.516628564696296,0.08419584440337573,0.10375433997447486,0.06903472504058442,0.06930126735696622,0.02,0.06172384618687064
fri_c1_1000_50,0.007981595266900858,0.001309389058429785,3.169908846129988,5.25175416477543e-06,0.05,0.4621298304723199,,0.0,0.002977551512702797,0.007906907012199139,0.9936167534536142,0.02673382782533151,0.03350389002685193,0.026733829444242362,0.03350389202453166,1.0000000603450185,0.30300924756631303,53.67679319855334,0.5,0.06646803743153548,,,1.0356771039140698,,,20.0,1.72275791,0.04668220368693263,4.1450144946117,0.051975314311008665,-1.189809560693213,0.0716332283788505,0.2715592557294713,1.2775527134999998,0.03608057532307041,1.74110198,0.11042589280256915,2.459999999997464e-09,9.16116470738693e-09,0.0025666999999999995,0.029215960640948804,-1.74937782,0.1160526250926075,0.018511104971904196,0.05197479265267012,50,0,0,2,0.0008163265306122449,1,1000,0.0,50,0,170.24363191398976,,0.21356398021237516,3.4904798,0.2168578499238427,0.2715592557294713,1.0000000301725087,9.050219593853913e-09,,5.090021713278943e-05,0.044285170743028617,6.012018024030567e-08,2.4037845401168576e-07,-7.381573333332791e-05,0.012381002273035341,1.0000000603450183,1.8100439754884512e-08,0.7864360197876248,67,7.1940298507462686,2.1619211852462716,0.014925373134328358,0.043895990509535236,3308.5922077922073,5564.695239226427,0.5,0.09498449299520788,66,1.32,0.066,5.5,3.7779263191236634,2.0625,1.6836500287633527,6.2556390977443606,2.4852721798943382,0.09192725137770123,0.11281238894515654,0.07930562033582089,0.06800785722774631,0.019999999999999997,0.06555977135149395
fri_c4_500_25,0.018622229305455516,0.03401986181448283,2.8073203201603487,0.0,0.05,0.4629380064127123,,0.0,0.007465735881763778,0.015173755495259757,0.9866165198488093,0.055308133676717074,0.11908680794281354,0.055308136786501386,0.11908681489454259,1.0000000565466862,0.655617785850027,28.144499199326038,0.5,0.09616652224137043,,,0.9459925111508041,,,20.0,1.6564155200000001,0.1520082270220431,3.7588814456011295,0.07436443812134756,-0.9816872648694822,0.604347047057903,0.27276920109321245,1.221778546884,0.13234209859648402,1.9662506400000002,0.5743012196629977,-4.400000000277515e-09,1.8202563922139356e-08,-0.031247160000000003,0.08144137891398226,-1.7633147599999999,0.1634647155082405,0.03505539440802824,0.07436443812134756,25,0,0,2,0.030000000000000002,1,500,0.0,25,3,79.08240579137309,,0.21431159778137648,3.7295654000000003,0.6504134133558184,0.27276920109321245,1.0000000282733428,1.3156118994293e-08,1.0358489224166307,0.12290150270642398,0.30722643750433465,1.6064192513282203e-07,8.032096256641102e-07,-0.022459394266666672,0.05476121341672353,1.0000000565466862,2.6312238616758263e-08,0.7856884022186235,44,6.318181818181818,1.7884997906225997,0.022727272727272728,0.05998153345138572,935.7206349206352,1063.2739447817,0.5,0.06428243465332248,43,1.72,0.086,4.3,2.7507574714370344,2.15,1.785172850248165,5.402298850574713,2.1429156952833415,0.11192020952324597,0.13717697624147154,0.10986328125,0.0827678002390772,0.039999999999999994,0.08928185857489793
fri_c0_1000_25,0.007914785019287733,0.001639686883032233,3.1699088461299887,5.3061779413139575e-06,0.025,0.6863747778999627,,0.0,0.0039435064681229886,0.006877557715063001,0.9999740313334506,0.026060502730705492,0.020276636531628773,0.026060504325791045,0.020276637798258175,1.0000000605829706,0.16499404933575157,41.80587386342128,0.5,0.004242640687119289,,,1.3730937753021324,,,40.0,1.72622553,0.03629614145975093,4.145963414983111,0.042686895066992456,-1.2004500891217897,0.034256295208249826,0.8907535305949061,1.279887927108,0.02692299005510009,1.727833,0.029943918046908942,1.5600000016391386e-09,7.588807549405717e-09,-0.0011970600000000004,0.02943576896620278,-1.7302991600000002,0.04111074692388838,0.023919462480328484,0.04268742922272349,25,0,0,2,0.0,1,1000,0.0,25,0,131.52425085793385,,0.4711103357372231,3.45813216,0.04576781050920687,0.8907535305949061,1.0000000302914847,9.760580399042465e-09,1.0159063526475305,-0.00023545834111922154,0.040985027789580665,2.004006008010189e-07,4.0906601342473513e-07,8.806720000000128e-05,0.011462954202256022,1.0000000605829704,1.9521161384171788e-08,0.528889664262777,101,7.99009900990099,2.8160079882874998,0.009900990099009901,0.0303544082302703,24510.065578865582,70740.08957941686,0.5,0.06300951515523692,100,4.0,0.1,6.25,6.223610956135781,4.166666666666667,2.3343683004870592,7.034825870646766,3.087682155683671,0.06748096729660613,0.11188646597969805,0.05941349445003094,0.047685068053034046,0.04,0.06599360246946183
fri_c2_1000_50,0.007955389463684936,0.001068051909089304,3.1699088461299887,5.2517541647754295e-06,0.05,0.5176984901082158,,0.0,0.0032157771615897806,0.010020244359059176,0.9805107178796569,0.02775655926165879,0.041318014095699095,0.027756560858604513,0.041318016428052835,1.0000000578643107,0.3518672716493598,47.6382785723726,0.5,0.11596551211459377,,,1.2931227874934517,,,20.0,1.720448685,0.06782971427786919,4.129837151142016,0.06813376843035486,-1.1672003393787131,0.19405858587664468,0.36614210421367993,1.2736142310779999,0.05728660258803862,1.77490602,0.24975706925130187,6.39999998028884e-10,8.888791382498623e-09,-0.007287149999999999,0.04037180503909623,-1.74907678,0.11458957144509714,0.02058241286762817,0.06813441153021933,50,0,0,2,0.0032653061224489797,1,1000,0.0,50,1,153.0105558331109,,0.2680117266603264,3.5239828,0.3444289762986896,0.36614210421367993,1.000000028932155,9.331633212145661e-09,,0.021678688072991052,0.1132656729416655,1.603606410818517e-07,4.2287585983209457e-07,-0.005076083033333335,0.023031396658180787,1.0000000578643107,1.8663267018389392e-08,0.7319882733396736,69,7.36231884057971,2.4372779807952196,0.014492753623188406,0.04279727286130363,6349.115506715506,15961.419082267259,0.5,0.010247924365022434,68,1.36,0.068,4.857142857142857,4.148348009604692,2.3448275862068964,2.175773459665149,6.423357664233577,2.727104227330506,0.0840530520216027,0.10606567797978042,0.07694498697916667,0.06855795943955496,0.020000000000000004,0.06947560293941633
fri_c2_500_25,0.012088566431133532,0.00252737159460058,2.8073203201603487,0.0,0.05,0.40141221337884236,,0.0,0.007140529265893959,0.017261878955853904,0.9660780975952254,0.04091957355886384,0.07839461047769862,0.04091957608479382,0.07839461543461895,1.0000000618363907,0.4415779013097208,28.854162480598287,0.5,0.15273506473629425,,,0.9987345504563462,,,20.0,1.69043332,0.08668184576280348,3.7399170059057307,0.0832820998165945,-1.1176203514953633,0.3102424931135385,0.1920823299016061,1.2578432070119998,0.0840856295467989,1.7971726799999999,0.32102077616406177,-8.000000017105434e-10,1.2328828007391098e-08,-0.01628008,0.05802124392907021,-1.78592672,0.14989690368564434,0.03348141184984392,0.08328209981659448,25,0,0,2,0.013333333333333334,1,500,0.0,25,1,82.84713084234633,,0.16113176504970128,3.5830994,0.4396550747250622,0.1920823299016061,1.0000000309181951,1.2944110629932457e-08,1.0299977598938432,0.027188466143607627,0.18355761884676197,0.0,0.0,-0.005455885066666669,0.037025442217401235,1.0000000618363911,2.58882221273541e-08,0.8388682349502987,45,6.711111111111111,2.1702767127951703,0.022222222222222223,0.0545330962430943,1507.182683982684,2034.1789735723892,0.5,0.10999438818457402,44,1.76,0.088,4.0,2.23606797749979,2.4444444444444446,2.228748586412992,5.797752808988764,2.459581335775086,0.09183928897641729,0.1104072024088547,0.10319010416666667,0.09259799265607935,0.04,0.09601059053417607
fri_c0_500_50,0.012315074230990116,0.002867528088607221,2.807320320160349,4.485978453382215e-16,0.1,0.7501233494938142,,0.0,0.0040563581223490765,0.006902446930762775,0.9995844639313985,0.03722288187973575,0.028742094301690297,0.03722288420885254,0.028742096103902392,1.0000000622760206,0.33248885870972156,54.90992347236954,0.5,0.016970562748477157,,,1.5849709498453834,,,10.0,1.7213881600000003,0.0594197998287668,3.7887007072925076,0.03216585166410213,-1.1959257914525667,0.06587578207751026,1.2866814315147856,1.2775710680879997,0.044012899636016824,1.7351681599999997,0.05531380528435105,9.599999995479894e-10,1.321248636335186e-08,-0.007839329999999999,0.038772025157217914,-1.71849452,0.06349607240986788,0.018204076799239858,0.03216585166410213,50,0,0,2,0.0,1,500,0.0,50,0,153.21382534914233,,0.5626850394558189,3.4536626799999994,0.08143916051385626,1.2866814315147856,1.0000000311380095,1.2943826658096763e-08,,0.007935133191051552,0.06385082064554169,1.6064192513282203e-07,7.949713604449245e-07,-0.0016161725333333349,0.018148877801337553,1.0000000622760206,2.588765406262032e-08,0.43731496054418106,49,6.346938775510204,1.4513071752757247,0.02040816326530612,0.04759548226431569,853.0793650793651,691.0471531677375,0.5,0.10101525445522107,48,0.96,0.096,5.333333333333333,3.7416573867739418,1.8461538461538463,1.1555884281977797,5.422680412371134,1.8865480576659481,0.1218584546890709,0.09534974837259377,0.10012755102040816,0.08009080294375709,0.02,0.04855270729394793
fri_c3_500_25,0.013231493035295467,0.01166645137524314,2.8073203201603487,0.0,0.05,0.43201753616452143,,0.0,0.006941243641011225,0.014705574015451646,0.9895875212220555,0.05463275677053673,0.10603054359969956,0.054632760132377126,0.10603055022619118,1.000000061458025,0.5956034993114092,30.019722644621293,0.5,0.08485281374238575,,,0.9055013207883087,,,20.0,1.6751232099999998,0.16562775301014937,3.7639432622976146,0.07309480325439685,-0.9651844557662921,0.8027478274712623,0.22946660379606112,1.226277526236,0.1483178898327396,1.9220966400000004,0.6146955799317035,4.720000000322245e-09,1.0937397620012121e-08,-0.024120760000000005,0.0918163082834099,-1.7667933200000001,0.17756782687110487,0.03296457908478919,0.07309480325439685,25,0,0,2,0.02,1,500,0.0,25,2,84.16172200893435,,0.1866391515536636,3.6888899599999996,0.6861624661332331,0.22946660379606112,1.0000000307290118,1.3785168072656377e-08,1.0379624122191746,0.09732389487385723,0.3485541256082962,3.2128385026564406e-07,1.111993373911165e-06,-0.016348120400000003,0.05480642572985342,1.000000061458025,2.757033690793536e-08,0.8133608484463364,44,6.75,2.125427453587893,0.022727272727272728,0.05445901537100816,1416.7572871572875,1888.510209385927,0.5,0.03214121732666122,43,1.72,0.086,3.909090909090909,2.2115399817568506,2.15,1.6944180805158293,5.839080459770115,2.415423133129183,0.0937235923669585,0.10405162541214526,0.10176225142045454,0.09957671281284941,0.039999999999999994,0.08407985229934561
fri_c2_1000_25,0.008234976103967688,0.004705946409075198,3.1699072864385753,3.598824974717156e-06,0.025,0.4899081481261404,,0.0,0.005709646956934691,0.014673283499326171,0.9885173903891564,0.034876717081022406,0.07510191652324026,0.03487671893021567,0.07510191998402685,1.0000000559342639,0.4134574619597167,26.199821010606957,0.5,0.08909545442950495,,,1.1890770439052907,,,40.0,1.69919832,0.08964959256101991,4.120694747680928,0.10096202187998468,-1.1360033302384658,0.23919393155533752,0.3158067758514485,1.259767681116,0.07552230522502462,1.8103373200000001,0.2804970956400024,3.4399999992018593e-09,9.504735662098629e-09,-0.0015288400000000007,0.04784336882576658,-1.7752978799999999,0.15817284047293537,0.03772992914680435,0.10096364540514498,25,0,0,2,0.013333333333333334,1,1000,0.0,25,1,83.01572327646579,,0.24000999360038433,3.5856352,0.4120897818289521,0.3158067758514485,1.0000000279671315,9.169437349867377e-09,1.0210518625257425,0.023896473837283824,0.14649925111339673,4.008012016020378e-08,2.004006008010189e-07,-0.004517314999999998,0.030777524329777945,1.0000000559342639,1.833887527208699e-08,0.7599900063996157,75,7.733333333333333,2.6218073678044833,0.013333333333333334,0.04240739779080281,7793.584193584193,16709.172822377797,0.5,0.06599663291074442,74,2.96,0.074,5.285714285714286,3.729891139441996,3.3636363636363638,2.479351961135439,6.791946308724833,2.892850384732871,0.0754846494477125,0.1072934158754679,0.07121907552083333,0.06789158061371571,0.04,0.09481779648723912
fri_c0_1000_50,0.007950506591692046,0.001409782602969191,3.1699088461299887,5.2517541647754295e-06,0.05,0.6971405618588442,,0.0,0.0025436036468742536,0.005370610112556725,0.99971144175281,0.025075968177834678,0.019186135249509535,0.025075969629674864,0.019186136344468016,1.0000000582051474,0.2232276399228951,65.0703553141758,0.5,0.014142135623730963,,,1.4723698499209685,,,20.0,1.7345182049999996,0.03953863226551698,4.154256741196662,0.03350468902021111,-1.2002943283227925,0.0397839529171456,0.9455440772637972,1.283278470222,0.028595878138861275,1.72784062,0.0433920949609206,2.8199999993105964e-09,7.496094222425983e-09,0.0024232999999999993,0.03982621989343202,-1.7383028999999999,0.03568283335577373,0.015363546686136188,0.033506247409766085,50,0,0,2,0.0,1,1000,0.0,50,0,205.3266321825586,,0.486004962988865,3.46614352,0.04844046857372927,0.9455440772637972,1.0000000291025732,8.001483948196038e-09,,-0.009624481634779834,0.047386932451647705,1.403205810017498e-07,4.0556458798509297e-07,0.002792871233333327,0.012556772422078574,1.0000000582051476,1.6002968318376597e-08,0.513995037011135,87,7.747126436781609,2.1361690922781835,0.011494252873563218,0.031378363736379256,4992.830014430014,6202.402439345516,0.5,0.008127664151569541,86,1.72,0.086,7.166666666666667,4.58918359412718,2.388888888888889,1.6085091194337655,6.797687861271676,2.4753659291907337,0.0848470948958994,0.09740874902841046,0.062404588721264365,0.06462850072380326,0.02,0.048146327850332925
fri_c1_1000_25,0.008215961766381143,0.001345669811003626,3.1699062466443007,0.0,0.025,0.4312667877158659,,0.0,0.004959682372894787,0.011374461184360328,0.9938858724897722,0.030482135017269645,0.057976761043779114,0.03048213679489735,0.05797676459513451,1.0000000578441972,0.3270803244512766,31.52453166950527,0.5,0.06505382386916239,,,0.9410543368072253,,,40.0,1.71620068,0.050027263745294426,4.132264739666254,0.0752120342201752,-1.1820112836573693,0.08297899995382679,0.22848770938149124,1.272170638284,0.03761618326012558,1.7585009600000001,0.13263017423160794,-1.5599999995430381e-09,1.174052809928615e-08,-0.00034816000000000046,0.031998885983772936,-1.75136068,0.1400781737342641,0.03152737946781906,0.07521203422017521,25,0,0,2,0.0033333333333333335,1,1000,0.0,25,0,99.54455207353719,,0.18599104218676174,3.5098616400000004,0.26698520611650645,0.22848770938149124,1.000000028922098,9.722095363209294e-09,1.0132579496825935,0.006192882236699838,0.045887549774687376,8.016024032040756e-08,2.7744206879281046e-07,-0.0020487299999999904,0.012849605649680957,1.0000000578441972,1.944419118722228e-08,0.8140089578132382,70,6.985714285714286,1.637361408166316,0.014285714285714285,0.03636336062383692,2009.1382395382393,2420.5338012838342,0.5,0.0,69,2.76,0.069,6.2727272727272725,5.041644753270684,3.0,2.9076701075853593,6.043165467625899,2.056698154447808,0.09630918968305263,0.08945506603164388,0.07624162946428571,0.06665265407949493,0.039999999999999994,0.08889727976913304
fri_c2_500_50,0.012201356969581753,0.0025051872717904017,2.807320320160349,4.485978453382215e-16,0.1,0.5753786420997125,,0.0,0.005466058140720347,0.013384675349411483,0.9765004687578241,0.03881732061115697,0.04554851500089117,0.03881732307238106,0.04554851797712331,1.0000000634180664,0.42306964286649873,37.8314319616081,0.5,0.12727922061357855,,,1.4724743635179725,,,10.0,1.713752505,0.08705666546093568,3.7580089066254594,0.06811448378456117,-1.166568867122992,0.23886402582488045,0.49490368300864823,1.268274498918,0.0670197436280492,1.7775842600000002,0.302697741471305,1.0400000011401288e-09,1.2190595237275696e-08,-0.00841521,0.05437603953677576,-1.73366514,0.11651121791326816,0.025811882292713407,0.06811448378456118,50,0,0,2,0.0032653061224489797,1,500,0.0,50,1,107.76077491461538,,0.331060581784509,3.5112493999999996,0.36818674493622755,0.49490368300864823,1.0000000317090325,1.3330521862922198e-08,,0.027006171184327063,0.13694397664488187,1.6064192513282203e-07,7.949713604449245e-07,-0.006058456600000004,0.028364681930025445,1.0000000634180664,2.6661044505774653e-08,0.6689394182154911,42,7.476190476190476,3.1331282212253613,0.023809523809523808,0.0752813383720347,4273.176956376956,6854.449765154536,0.5,0.10101525445522107,41,0.82,0.082,3.1538461538461537,1.5191090506255,1.5769230769230769,0.9021342216356466,6.578313253012048,3.3097066479973454,0.07477906441847858,0.11073994564199578,0.10264950706845238,0.1074133209731265,0.019999999999999997,0.07143162952410224
fri_c0_500_25,0.01160238243151537,0.0026672409043547243,2.8073203201603487,0.0,0.05,0.6815688063762309,,0.0,0.005644323813646679,0.00837648365920754,0.99971144175281,0.03801194289355671,0.028773177439502872,0.03801194531588416,0.02877317915221369,1.0000000639441713,0.23822490279293287,39.3739675577828,0.5,0.014142135623730963,,,1.3415546535049985,,,20.0,1.70699416,0.045137590607824685,3.7816415992305257,0.038559656668339194,-1.187785300522102,0.06008184817246731,0.8675393128947952,1.2697795306559998,0.03542542541104273,1.73748448,0.04713400048365653,-1.2799999998236446e-09,1.494300282306265e-08,-0.010551399999999999,0.04413915844849861,-1.7311208,0.058664066007224555,0.025390162682632767,0.038559656668339194,25,0,0,2,0.0,1,500,0.0,25,0,109.56724430050997,,0.46453603782512004,3.4686052800000002,0.06187143762372636,0.8675393128947952,1.000000031972085,1.2802334290361543e-08,1.0295058639364152,0.017723247581352006,0.06269926943285768,0.0,0.0,-0.005201093200000004,0.017071277753647467,1.0000000639441715,2.5604669368972707e-08,0.53546396217488,53,6.90566037735849,1.8109087279318785,0.01886792452830189,0.03521474654822512,1481.8730158730154,1454.1893903794103,0.5,0.06670818690439126,52,2.08,0.104,5.2,3.155242550986462,2.4761904761904763,1.691716513457489,5.980952380952381,2.16608896214846,0.10896282824020234,0.0865895374234911,0.08534787735849056,0.08799871900738215,0.04,0.06562826055500835
fri_c3_500_50,0.014953179158793321,0.02394832453352967,2.807320320160349,4.485978453382215e-16,0.1,0.5116262074282453,,0.0,0.0045114592540764645,0.009544473891481,0.9881489563064276,0.04009447281596462,0.05833393629920475,0.04009447489298731,0.058333937944619337,1.0000000543139336,0.5003817241722063,47.70829370043915,0.5,0.09050966799187804,,,1.0310707266963843,,,10.0,1.7118965549999998,0.13540974272693876,3.7747569667264407,0.0467474162653336,-1.071486660437307,0.7219185600617398,0.35457556359525594,1.2652553026259998,0.11192925715216505,1.85185816,0.5700601737071579,-2.1199999985377363e-09,1.1395738549765726e-08,-0.02480149,0.060715328662763975,-1.7225816200000004,0.10518148982551007,0.020712309740336235,0.0467474162653336,50,0,0,2,0.005714285714285714,1,500,0.0,50,2,134.53873784985106,,0.26176137612740985,3.5744397799999996,0.5736596086945669,0.35457556359525594,1.0000000271569662,1.3460230187582737e-08,,0.07827861646394003,0.2775581506585086,8.032096256641101e-08,5.679549730214005e-07,-0.014961485533333329,0.04049236076910135,1.0000000543139336,2.6920461182018387e-08,0.7382386238725902,39,5.923076923076923,1.3255508365366133,0.02564102564102564,0.046690181081750944,504.99047619047604,324.5195885036714,0.5,0.054392829322042084,38,0.76,0.076,4.75,2.9640705601780613,2.0,2.185812841434,5.012987012987013,1.77329240689612,0.14375573256348284,0.0806887902898425,0.11899038461538461,0.08724450072500889,0.019999999999999997,0.06482299312044297
kc2,0.4000512134210802,0.16825877748175116,2.474947603100613,0.6779439188401618,0.040229885057471264,0.5985821241842401,,0.0,0.05704076634495302,0.02560585310213719,0.7317786193052257,0.775320960298443,0.21398333351693133,5460267.115496648,60240853.1462939,613850878.3687494,2812809834.503192,4.143978470526875,0.5,0.4172200931139016,3.6272236882925055,7.317385882848898,67085.96873145647,1.6388310055103876,2.821226397295619,24.857142857142858,425.15714285714284,1651.4660829599418,3.0301378003110235,0.6450536563049707,128.34934267348595,88.47840185936026,0.5583619631239586,59.56416100000001,197.18822576259427,111741.90809523809,467657.40987740183,977.893699142492,4032.8960673427614,42.053571428571416,133.11423153764264,0.38095238095238093,0.49761335152811925,0.176588422094815,0.03985638045153878,21,0,0,2,0.8952380952380953,1,522,0.0,21,21,13.015344685348328,,0.358300559392917,111741.52714285713,467657.5045359737,0.5583619631239586,5875.729587941181,24663.596943411336,1.5433703360743338,8.90170443731233,4.332083350081442,0.020272758150939457,0.02738632289029678,128.41725508037612,479.4470533563744,613850878.3687493,2799183414.5187006,0.6416994406070831,69,8.159420289855072,3.027439164423977,0.014492753623188406,0.02506294283645292,13436.494172494171,30345.798669544292,0.5,0.17421471420538126,68,3.238095238095238,0.13026819923371646,4.533333333333333,2.924445409369262,3.238095238095238,2.364418784918651,7.226277372262774,3.2494178228114663,0.06711024514091107,0.08564965954214938,0.06945712324501811,0.08449159028185008,0.04761904761904763,0.08480655464543234
PizzaCutter1,0.10261698054233928,0.11585501487373838,2.641610192681838,0.5065351228472547,0.05597579425113464,0.49688917268136545,,0.0,0.009041625831682153,0.006001626504724519,0.3974707552319077,0.46931677611116784,0.33725121300685684,2035396.7422753654,40911166.35412504,505286432.74142003,3073474194.886045,10.403373569963405,0.5,0.595852461605003,217.07380068568872,1125.1502392425402,104677.2069510631,66.70231798928921,305.7364762967108,17.864864864864863,603.2083783783785,3270.9860243761314,3.0008749993761015,0.4963632405785991,61.989033809260995,62.64074320086077,0.3278428799429637,240.2473159459459,1274.5339060340382,78916.83675675676,448752.89207031106,962.8441162039496,5308.607794881335,203.97945945945946,1049.8866446720858,3.9462162162162158,10.051133532357696,0.03820594853764401,0.021756200954982728,37,0,0,2,0.46996996996997,1,661,0.0,37,34,68.14133253566735,,0.24689884992797181,78912.89054054054,448744.0370022359,0.3278428799429637,3961.8506584375627,22431.89468378633,,5.636523896333531,3.4711660358972343,0.018675131911574,0.024063536450611846,280.08608005990885,1469.6691944700024,505286432.74141973,3063373231.5038013,0.7531011500720282,47,8.063829787234043,3.137461278604982,0.02127659574468085,0.08263688082537307,6913.412765012763,12782.591409242334,0.5,0.015044825131628652,46,1.2432432432432432,0.06959152798789713,3.2857142857142856,1.5898026693500449,1.7037037037037037,0.8234456132997965,7.161290322580645,3.3110169283136024,0.06746571202605728,0.08303059776008283,0.08260524019281915,0.11245132684193704,0.02702702702702704,0.03187483954824851
PizzaCutter3,0.1134762492296582,0.15026958979132515,2.879202541642817,0.5618951261130744,0.03547459252157239,0.4661180996508351,,0.0,0.008855175545959647,0.007419049394791825,0.5344106667605463,0.3823818590808759,0.3180447385184202,17064238.751613792,369632265.40941834,4606873842.340767,28022079428.74218,12.02261996117291,0.5,0.5349062803031505,196.2950533256829,1008.6426724321764,7428.178648447478,62.29614115245023,282.8719907500023,28.18918918918919,526.327027027027,2835.5611058661098,3.369162775096278,0.5472523377776003,188.0060490792763,220.34909939416625,0.27757335929104393,218.9094963243243,1152.8020843083239,367112.3005405405,2095786.6795596564,1243.5363382653986,6896.810250985916,184.17432432432432,938.6784370963624,2.754054054054054,6.502005869755143,0.044450433307085084,0.02890216862160848,37,0,0,2,0.32732732732732733,1,1043,0.0,37,34,63.773329019132255,,0.21726608282210585,367109.5464864865,2095781.016254456,0.27757335929104393,11897.953782315139,67744.73409444666,,9.431521473222892,7.604304277307821,0.017156546341957117,0.021889543832655754,246.506703306177,1280.6287500084152,4606873842.340761,27931675845.8997,0.7827339171778942,106,9.028301886792454,2.8097027369280845,0.009433962264150943,0.031446782749262533,23041.994361194356,47276.53391716111,0.5,0.013341637380878252,105,2.8378378378378377,0.10067114093959731,7.0,4.488079449258573,3.28125,2.232232717085252,8.075829383886257,3.069656976227784,0.06761339612696597,0.08161473261725717,0.047141021152712265,0.07250031257855202,0.02702702702702703,0.0369784065565038
PieChart1,0.163362977408971,0.18060249506631107,2.6511213280783084,0.48983540879741566,0.0524822695035461,0.48318394521980534,,0.0,0.008632423804752706,0.006023295651144855,0.42476250104906466,0.45384757827605776,0.32443379017622304,4478644.976027327,97966816.45392258,1224512769.1957743,7448234546.702404,11.475086665895134,0.5,0.584742203449301,239.59746549251935,1246.8999464161643,93770.11379949436,69.31480123702678,318.14757270947655,19.054054054054053,682.1440540540541,3707.5711880252243,3.0388677687335552,0.47940630474376805,55.9266005736182,60.07342987378755,0.3045748077841165,260.4174878918917,1381.1151458340607,123113.91486486486,703397.7973372192,1283.6397362468851,7131.2319795783915,217.36162162162165,1118.9853534949357,3.944864864864864,10.051675267122176,0.037016060393817544,0.023023439331036556,37,0,0,2,0.4624624624624625,1,705,0.0,37,34,70.62083970775834,,0.23346672491817586,123109.96999999999,703388.9572158289,0.3045748077841165,6136.712385358594,34925.94571252826,,5.3226288532958685,3.2868547953051044,0.017764310744223275,0.02397552277165996,309.0828413519903,1626.958145455759,1224512769.195774,7424343843.57697,0.7665332750818241,46,7.5,2.697735676039774,0.021739130434782608,0.07863784208487151,3365.1976911976903,5111.982220785721,0.5,0.061487546190134565,45,1.2162162162162162,0.06382978723404255,3.75,1.712255291076124,2.0454545454545454,1.290155868297379,6.593406593406593,2.9134859684578007,0.0796301662343355,0.0856216374044521,0.08851689877717392,0.10675012219747251,0.02702702702702702,0.03977051420694855
PieChart2,0.15220739763058053,0.16982502945575498,2.628722313288586,0.702226601672,0.04832214765100671,0.38856105309215544,,0.0,0.004001954053034398,0.002466100041063958,0.1496523493705478,0.49473388037719424,0.35631148111546934,354895.87754837575,6037026.472813325,72141976.69127016,432819681.5597662,8.385893788219201,0.5,0.6767344093771924,71.39974597754957,342.6091285998661,33403.905995766334,24.563410761412005,97.70545935507995,20.694444444444443,180.7902777777778,942.4762132913067,2.7605289382617197,0.6939638135419783,132.59292199526806,121.84248777828678,0.1778281279657487,75.75509433333333,378.3717454807334,26635.329444444447,146987.00679026605,394.71829530201353,2103.622543029046,66.96305555555554,304.8783074588421,2.1041666666666665,4.243822653491273,0.017845724397414227,0.010750670209038336,36,1,0,2,0.5158730158730159,1,745,0.0,36,35,146.30263982276207,,0.15097969198008485,26633.22527777778,146983.36069549964,0.1778281279657487,1538.1102218629273,8471.705800436373,10.182041815394895,8.312763557607276,5.526720454226255,0.03570105807287147,0.081793623796373,90.53960104399701,432.43034261046955,72141976.69127016,431298481.7112762,0.8490203080199151,23,6.0,2.215646837627989,0.04347826086956521,0.14693583474384164,498.5269841269842,658.5577513827964,0.5,0.09223131928520183,22,0.6111111111111112,0.02953020134228188,2.2,1.1352924243950935,1.5714285714285714,0.7559289460184544,5.155555555555556,2.4116719545082446,0.09069590154591681,0.11095316553540968,0.14359714673913043,0.1432041217136402,0.027777777777777773,0.0462671494901396
PieChart3,0.17048440713583807,0.15597402260794652,2.8971432077260397,0.5530281207943233,0.034354688950789226,0.4720915198609185,,0.0,0.00875255205382546,0.007422705034994999,0.541933067099493,0.3839527953537746,0.31524067709282916,18439177.341380145,402976252.6064259,5028721586.605627,30588018637.156273,12.30609320470075,0.5,0.5311507762116221,205.03586725116912,1055.4805305642674,11913.302622378733,63.72805378014574,289.7137267653039,29.10810810810811,531.8867567567568,2863.543862401054,3.3950384914214156,0.5387208951930067,175.58086641392757,191.64870005460196,0.2867866621226155,230.52506627027026,1215.0195492225587,367116.3527027027,2095785.9504266,1405.3119789706143,7819.530037971727,191.63837837837838,977.3678728165582,2.753783783783784,6.502123307620942,0.04403778340411744,0.027853214819889328,37,0,0,2,0.33183183183183185,1,1077,0.0,37,34,64.78767103557631,,0.22287040312459203,367113.598918919,2095780.287071846,0.2867866621226155,12424.522860012326,70779.59810357829,,9.110348869694267,6.99225612680506,0.01679064741143633,0.02186484457664372,255.7186536613893,1329.8127121027328,5028721586.605625,30489586761.04293,0.777129596875408,102,9.0,3.0474790750506044,0.009803921568627453,0.03225435138608807,36611.90469138703,118146.57155816535,0.5,0.0554593553871802,101,2.72972972972973,0.09377901578458682,5.9411764705882355,4.2934628831995,3.0606060606060606,2.164188559532677,8.049261083743842,3.286265590378801,0.05803558190424913,0.08194690223170215,0.05008577832988664,0.07149442042168291,0.02702702702702703,0.030713343833232945
cardiotocography,0.05211361286721099,0.09210986384637788,2.127211404036257,1.4584979728272394,0.016462841015992474,0.9999999999999998,2.5133742693021536e-16,0.0,0.35877973197168905,0.421306020115482,2.913356388291818,0.16656373286016293,0.16763102476513164,1402.717760905005,32240.681321394317,47793.72185280944,273716.9910703852,7.3822684971774555,0.1,0.08207275433163869,,,291.6792819282486,,,60.74285714285714,92.36999999999999,338.44179754210234,4.645925361020446,1.4259643967975566,17.676318020943445,52.53407083507405,inf,51.68343599999999,184.44809088047847,273.5057142857143,802.1952662915083,106.21290686735655,316.7994019245148,82.3457142857143,225.4099446405529,25.60571428571429,57.97824106485804,0.3946424313076277,0.2528960392944272,35,11,0,10,0.05378151260504202,9,2126,0.0,35,25,4.390224758619719,,8.999999999999996,247.9,770.705356456401,inf,60.49882589182836,213.14704170293192,,2.388815785610404,3.4527271303051803,0.18682983969344166,0.22383217158035507,94.90479175996417,278.825566407405,47793.72185280941,196295.99021674646,0.0,10,5.4,2.8751811537130436,0.1,0.08207275433163867,191.7968253968254,219.55271122651774,0.1,0.0,9,0.2571428571428571,0.0042333019755409216,1.0,0.0,1.0,0.0,4.7368421052631575,2.8253240770486627,0.08887243921460859,0.12046536451885886,0.199609375,0.19507103128928163,0.028571428571428564,0.06363717943931466
climate-model-simulation-crashes,0.02752547453150654,0.12110360348244445,2.9291946900944055,0.31639943453124336,0.037037037037037035,0.4335460295829428,,0.0,0.0033632193541377415,0.00405122956781028,0.4201910370851764,0.017047217966758677,0.07339950355918777,2.8371663394640336,34.68215701240989,1352.6006486091596,5447.659157695589,23.650594036278346,0.5,0.586636736984395,13.787685860122332,46.35420971193221,168.8121215987972,5.6698666912214595,18.51180935122327,27.0,18.473585749999998,62.33325309389152,3.3316191105592714,0.31380320706354364,-1.2216459825483912,0.0668271781100416,0.23146970554134827,13.73244002214,46.308186273109335,36.998766749999994,124.95215419058765,18.575018532685185,62.604911569944825,18.5749486,62.604932825689026,0.1512037,0.36583037973199084,0.017766616620311225,0.02305006308992326,20,0,0,2,0.005263157894736842,1,540,0.0,20,0,163.87070964010553,,0.18796215976713393,36.84756304999999,124.6950057346065,0.23146970554134827,10.688349993513791,36.104524035307804,1.0342168207615596,2.8869604681607572e-05,0.0006582741232405597,0.016790696713834798,0.07421990339718375,18.575005609567903,62.60491549744428,1352.6006486091592,5445.447537518723,0.8120378402328661,35,6.6571428571428575,2.2614786566062732,0.028571428571428577,0.0963311543603027,998.0317460317461,950.3290064280654,0.5,0.020203050891044183,34,1.7,0.06296296296296296,3.4,1.7126976771553504,2.4285714285714284,0.85163062725264,5.768115942028985,2.5037908173303927,0.09902283813200967,0.130685714392546,0.11568080357142857,0.12067988986611136,0.05,0.05387341110635382
hill-valley,0.8493062496151244,0.02539596716299042,3.3219151520622443,1.0742467191165228e-05,0.08250825082508251,0.4219468878781923,,0.0,0.000898947237293261,0.00015152284511476654,1.0,0.9919933989327925,0.002915513880090506,321413810.379823,4214483.48157702,324040973.30327976,3214420425.628781,170.79916304709408,0.5,0.0,309.54303910025266,0.788807028733382,10626.28035950606,11.398532260853212,0.07634299216236985,12.12,5296.048925000001,85.10313613986436,4.316060322435682,0.000991394718935549,9.522204051899358,0.5267282039703792,0.21660299497590924,435.79885398,7.356219587509226,118120.5013,8456.065550609894,8174.051207590756,43.797162370655336,295.926,4.995310123738386,0.8157,0.10287046871349102,0.005854829626561297,0.0009904572983986959,100,0,0,2,1.0,1,1212,0.0,100,100,566.3803276856916,,0.17803917619009177,118119.68559999998,8456.075644278151,0.21660299497590924,18000.312937840914,173.2267827418498,,2.997243061692818,0.05124921399822793,3.064666020536082e-05,3.6880263062941652e-06,1398.336028296703,7.514574694095167,324040973.3032795,6252530.355127093,0.8219608238099082,180,24.866666666666667,18.164179864986963,0.005555555555555556,0.004794862984569284,1.1350794392673712e+17,4.3082756761853126e+17,0.5,0.02357022603955162,179,1.79,0.1476897689768977,2.9833333333333334,2.346953789573941,2.182926829268293,1.1125329655871854,23.938718662952645,18.167797329508694,0.01658976952412051,0.05646864913138886,0.023815712877322155,0.06453054711918407,0.01,0.007916103186492841
ozone-level-8hr,0.0615976964187053,0.08225906123332616,3.614843890985275,0.2725524388024551,0.028413575374901343,0.4206856151397001,,0.0,0.0033501037798823858,0.001951740864958789,0.33979042531608006,0.3534291180829707,0.303898259370096,25.218704749014496,103.10342943423099,216.9507978350366,1221.1029282650577,11.94971541776627,0.5,0.617811528629446,,,63.36588234605245,,,35.19444444444444,10.022847222222222,16.58464243408555,3.926199293923258,0.27072288520462506,1.4842021477364715,9.115229899155029,0.21503196742343844,7.372229200116667,12.284978828436811,316.4888888888889,1447.7205528999334,296.494606499841,1419.646350984422,296.91818277777776,1419.69586496794,268.71527777777777,1377.3952223753563,0.02843502237809745,0.014755431993795698,72,0,0,2,0.2875586854460094,1,2534,0.0,72,65,126.12646548749223,,0.17697638678546787,47.773611111111116,87.69951783806873,0.21503196742343844,7.570160866371554,12.723677210665114,1.136835709181498,0.08585427834922096,1.1264635177537354,0.007360282350413131,0.005698160452950314,297.0410714395441,1419.9129256122994,216.95079783503652,824.7534118683466,0.8230236132145321,107,8.401869158878505,2.4062019437361966,0.009345794392523362,0.047832138001199564,15385.540015540011,37960.57258883217,0.5,0.01982542377158541,106,1.4722222222222223,0.041831097079715863,7.066666666666666,6.341097997155051,2.0784313725490198,1.110731961454283,7.446009389671362,2.716675538418877,0.06844758796330076,0.07619592484375887,0.047813344224591124,0.06403939830425096,0.013888888888888888,0.018163015123372827
one-hundred-plants-margin,0.040309499762925916,0.03304789580870982,2.922863484144723,0.7746280644343414,0.04,0.4986832003640222,0.28708495888669344,0.0,0.2826381598899358,0.09218829702284788,6.643856189774723,0.2597764265681439,0.18278228176317315,8.26916413540583e-05,0.00010783505680136263,0.0003685180480750846,0.0011793070695617664,5.4505237683717995,0.009999999999999998,1.7434626923745965e-18,0.0,0.0,0.35520776987479014,0.0,0.0,25.0,0.018745523437499998,0.012145594534589415,8.3477806375781,0.5262842964880261,10.493551206995203,24.670440203935403,130.71605952261132,0.011288724890624999,0.007926867424587862,0.1128846875,0.07139422316719207,0.015624954072265624,0.009271989948779554,0.01025390625,0.007681661726989599,0.0,0.0,1.218939036341346,0.3369759171147084,64,0,0,100,0.10664682539682539,64,1600,0.0,64,64,1.3978750347660684,,21.108155534814813,0.1128846875,0.07139422316719207,31.572377474035484,0.016837869171837265,0.009292657477763661,,2.2186061930559444,1.7807977981767762,0.026504409220693415,0.017064349499379676,0.011520964485677083,0.008009140727392096,0.0003685180480750848,0.0004574829726292103,6.354315994455053e-18,486,15.94238683127572,4.335988651998436,0.00205761316872428,0.002508123125143137,49862028.11831946,328249232.34166163,0.009999999999999998,0.004769998866441338,485,7.578125,0.303125,17.321428571428573,15.472923953195648,7.698412698412699,3.8963792979360385,14.959835221421216,4.528424952468531,0.031020076749628804,0.07850691349386707,0.007474212351527234,0.041895695793172864,0.015625,0.01144114275048672
one-hundred-plants-shape,0.18461652916931426,0.09535138798221789,3.4593190620865943,8.004041987276706e-05,0.04,0.32258869835817033,0.24716734728688636,0.0,0.3564843686205252,0.022690459978279724,6.643856189774723,0.7019373186513342,0.22101463572295524,6.016691146292023e-08,2.6634442695591146e-08,8.746533409931499e-08,5.271262254226599e-07,3.550087230861953,0.009999999999999998,1.7434626923745965e-18,0.0005413601539352419,7.293466367677196e-05,0.0018270245170597741,0.0004789623695624842,7.690482492583272e-05,25.0,0.00031762890625,4.2706338331743664e-05,8.231712451731301,0.06926775776958327,3.7792511628874492,2.450510880784778,46.780397343899985,0.00022770651093749998,3.2050023880297763e-05,0.002256328125,0.00027640699544862553,0.00060469328125,6.1559302466312e-05,0.0005607578125000001,9.57321408678344e-05,7.465624999999999e-05,3.704875327251403e-05,1.8714628001300153,0.06926962910547174,64,0,0,100,0.7911706349206349,64,1600,0.0,64,64,0.8484572933249149,,10.508838918323477,0.002181671875,0.00027447977082702097,20.93574622264538,0.00029219977471656026,4.601863810026695e-05,,1.388329502361847,0.7061943897478977,0.0006989677122447812,4.545134323952278e-05,0.0005656886067708334,8.83830412112767e-05,8.7465334099315e-08,2.8279471456272008e-08,3.8568015551622365e-08,516,13.05813953488372,3.8126656103335845,0.001937984496124031,0.0022957788423458923,3370776.392058991,9361133.442209987,0.01,0.00494835261340663,515,8.046875,0.321875,23.40909090909091,16.83437269089953,8.046875,2.9137315163216995,12.071774975751698,4.043055733221629,0.045666571555729535,0.058803850568451846,0.011879310127376586,0.03230777644500929,0.015625,0.008393798035410073
one-hundred-plants-texture,0.05207901189100698,0.08135495148869112,2.6839240641337323,0.7566730122868178,0.04002501563477173,0.5652389044964783,0.26142864521064446,0.0,0.31854375074661323,0.10211917071925658,6.6438276700506105,0.16016806713096962,0.13532039664849918,0.00011793725496741812,0.00015853286262118503,0.0009439440230669113,0.0019506289275829116,6.0613020976685155,0.01,6.253908692933072e-05,0.0,0.0,0.13145721199317706,0.0,0.0,24.984375,0.0180891796875,0.010815319716695516,8.231646052105543,0.542657223604228,15.615852082410031,17.927989128044764,91.73062444569285,0.007714315284375,0.006324445874734827,0.2362369375,0.14777899488354115,0.015625021996169483,0.006912473271524939,0.005493140625,0.004683390546565249,0.0,0.0,1.0961056820788002,0.23964151424643332,64,0,0,100,0.03125,64,1599,0.0,64,64,1.448599718088846,,24.75341222781865,0.2362369375,0.14777899488354115,11.186694349910358,0.02696152492138746,0.014848062567612907,,3.1371212844330323,1.4526321969911067,0.009253128476003899,0.0030437236586642645,0.007502705954084287,0.005049505556265158,0.0009439440230669112,0.0011432723816522437,9.710257485070093e-19,488,21.987704918032787,8.360944484231112,0.002049180327868852,0.0024400751565080737,989071626869.0312,7204008746102.314,0.01,0.004996408657589962,487,7.609375,0.30456535334584117,11.325581395348838,8.184540974511345,7.609375,3.125,21.011282051282052,8.447742241017622,0.019216907457515014,0.06704618252603539,0.007353447426385826,0.04217575104013232,0.015625,0.0074029151302711345
qsar-biodeg,0.034850016054702525,0.06204031073002626,1.9212987443485579,1.230539343046578,0.03886255924170616,0.7041822472530491,,0.0,0.023724398633945258,0.018057750531616356,0.9223486063040568,0.1653857250051487,0.1789858801307562,0.47139390861138103,1.7805997843931283,7.936983689426906,27.919171533049557,13.698431907517794,0.5,0.22989348430993914,,,5.79288498861899,,,25.73170731707317,1.467558536585366,2.833466419950624,2.7763149280416832,1.2028740578852042,44.40592861158518,127.07516027032696,0.9836257146133873,0.6465510117073169,1.6251373145371173,16.562963414634147,26.353648693394966,2.683521574384464,6.006690382864273,2.2048853658536585,6.063828401165431,0.3683878048780488,1.4412860285514326,0.0673324226109315,0.053274183544670124,41,3,0,2,0.05975609756097561,1,1055,0.0,41,41,27.534525713569565,,0.4958726373463544,16.194575609756097,26.463568471851833,0.9836257146133873,1.5943960155554693,2.3515435698457594,,3.7878442281591074,4.779485782610065,0.10363270828272975,0.14244531088754933,2.359163279774978,5.982838504271924,7.936983689426899,25.308812806845065,0.5041273626536457,123,9.089430894308943,2.90846173663398,0.00813008130081301,0.02217207429228359,41661.41003049239,131640.41490565546,0.5,0.017246506858208492,122,2.975609756097561,0.11563981042654028,7.176470588235294,5.570404991085108,3.935483870967742,3.2345580210281977,8.130612244897959,3.169928121543308,0.05868258793508361,0.07856244026510728,0.04409504712112551,0.06211133617446977,0.024390243902439025,0.043490711095762156
steel-plates-fault,0.07876852131693969,0.1482752125052569,2.688060623033002,1.3101709978131695,0.017001545595054096,1.0,,0.0,0.01739964389183353,0.03290621882671976,0.9311123348674443,0.21575965199326652,0.20547023237759904,5996916324.814467,137048379983.2106,198811235865.5815,1095919731362.8668,18.077987518468458,0.5,0.21675864750437704,,,497143.84706389136,,,58.81818181818182,106068.81368484849,414379.4570352278,3.5676676488102497,1.3102577080205329,91.31013700384342,313.2981408627599,inf,74047.08329921636,293486.9864895937,1144061.2413727273,3659538.9038684634,106447.78586589232,399935.2547696127,73644.06049393938,291615.38346194936,454.47889999999995,1629.9727744071597,0.051505309090197154,0.03481903549712377,33,8,0,2,0.10416666666666667,1,1941,0.0,33,21,51.18997168477554,,1.0,1143606.7624727273,3658170.6313468306,inf,123291.9455607813,435141.5343324667,,3.6402635030814503,7.812977324395325,0.13399899706888355,0.21782249054512026,77825.41635994795,306580.34145268466,198811235865.5816,762373032390.8323,0.0,7,3.857142857142857,1.9518001458970662,0.14285714285714285,0.11490875828592284,38.39999999999999,26.95609599165115,0.5,0.5050762722761053,6,0.18181818181818182,0.0030911901081916537,1.0,0.0,1.0,0.0,3.230769230769231,1.9644272343292228,0.1332356597885714,0.12749517640138822,0.28125,0.17860862707794006,0.030303030303030304,0.06784078825833988
wdbc,0.07107878108307421,0.11612454928835093,2.999955970180525,4.8835063889264575e-05,0.05272407732864675,0.879957192374749,,0.0,0.05158464086252799,0.03583982015886094,0.9526351224018599,0.39489663070391817,0.2638053656327699,676.4651048491814,9367.75487681634,15063.218541913291,80983.16589235155,3.1052455419256693,0.5,0.18019417095263515,54.205967045723625,168.8528853807651,1009.1627866986585,48.40541217985295,148.47946832600834,18.966666666666665,35.21501196666667,120.48750179568795,3.6458085500942636,0.22568425948582174,7.698004290153014,12.717419171316568,3.4311443236370343,20.797861403199995,70.00092902515408,264.18550833333336,883.8964955090008,61.89071233954306,195.861385983987,50.799370566666674,157.19118789388529,15.604080399999999,42.52496991277915,0.306782542488121,0.22569828738894582,30,0,0,2,0.3333333333333333,1,569,0.0,30,29,8.778770153770036,,0.7743246604120511,248.58142793333337,843.04594241171,3.4311443236370343,34.904718603211656,119.67576524672921,,1.7312412463356572,1.2719951569968126,0.0002087540337474961,0.00015182160995835746,53.29460552322644,165.81689209219886,15063.218541913287,62593.54696118781,0.22567533958794891,22,4.954545454545454,1.2140947137789433,0.04545454545454545,0.12134757803349355,166.17142857142858,97.39510214382825,0.5,0.06428243465332248,21,0.7,0.03690685413005272,3.0,1.8257418583505538,1.5,1.0919284281983377,4.093023255813954,1.6302782918784449,0.15781536441923114,0.13498921418359391,0.18110795454545456,0.10590906115298802,0.03333333333333333,0.12720079897804804
autoUniv-au1-1000,0.006377536222219545,0.02228074515586018,0.9592123537944506,0.07292952564119239,0.02,0.3098739428558509,,0.0,0.0051445631252922275,0.0075232116129703075,0.8252336065126468,0.03962641729842881,0.06030182809937569,0.009229403087297822,0.012962196231160301,0.2366491491491492,0.07500853675554275,220.29496779414856,0.5,0.34082546853191587,0.0,0.0,0.34623249805005535,0.0,0.0,50.0,0.95,0.22360679774997902,1.7806999210090786,0.07520183199228578,-1.7216515800213137,0.5284566299955253,0.10622144083041934,0.0,0.0,1.0,0.0,0.4680000000000001,0.11499885582954841,0.55,0.5104177855340404,0.0,0.0,0.003746039298018711,0.005515203169380912,20,20,0,2,0.005263157894736842,1,1000,0.0,20,1,255.06040873671037,,0.09602186046103114,1.0,0.0,0.10622144083041934,0.4858075227371847,0.02595948262214397,1.0153044253897567,0.14937754385795804,0.5208832801367016,0.4994994994994995,0.0,0.44666666666666666,0.191664759715914,0.2366491491491492,0.024082327498004742,0.9039781395389689,280,9.310714285714285,1.858785066984135,0.0035714285714285713,0.00454470877836901,33830.30977910978,41559.267830197794,0.5,0.12121830534626529,279,13.95,0.279,19.928571428571427,17.94206182180806,13.95,4.860961568292949,8.329159212880143,2.2951697389343146,0.08820852540457029,0.08207800505749693,0.025140816824776785,0.0302979383244505,0.049999999999999996,0.015426308048838898
MiceProtein,0.03564986211220541,0.021384743844030597,3.298824993371766,0.08990005433429828,0.0712962962962963,0.8480857349509979,0.09150329237415489,0.0,0.0465323490903557,0.027628665389537958,2.993026787316555,0.26105126427039,0.19768661802426796,0.0074882969045590685,0.024315903687001518,0.06983393760804127,0.3141485938549721,9.31681168061403,0.125,0.012858612496840994,,,1.0833209298345448,,,14.025974025974026,0.2007451379935065,0.30549872118457555,5.970601669607478,0.21009253538592823,4.60185748091842,10.892887182150039,59.84271000654226,0.14313671793969346,0.21778147858299135,1.405553079168831,1.6299235390467417,0.6718868120257284,0.7537467531530528,0.6533378581616183,0.7332700977020682,0.2907172818311688,0.3495222913134458,0.3212501110808432,0.20071222871583144,77,0,0,8,0.13055365686944637,7,1080,3.0,77,74,9.268712381990772,,5.084983011883481,1.1148357973376624,1.356479762329549,43.5010384244547,0.15766412780188976,0.21346603796694877,,0.794269689115201,1.2559107441267956,1.906730302346924e-05,6.452083658353189e-05,0.6577139170112749,0.7380893335819356,0.06983393760804127,0.2210427353577746,1.4161481705677205e-05,84,7.035714285714286,1.357233442035305,0.011904761904761904,0.023543102243952153,2108.1904761904766,1827.00973816836,0.125,0.042686736047656916,83,1.077922077922078,0.07685185185185185,8.3,7.040359839288519,1.8043478260869565,1.2582097549453402,6.083832335329341,1.8608625207459046,0.12305026684923047,0.09270802280461957,0.06840587797619048,0.05463787297399447,0.012987012987012988,0.029458581897991692
collins,0.020299680411272173,0.016652135437801877,3.1506962239350234,0.05986021989099759,0.019,0.29035740851255504,0.21910720008722784,0.0,0.07815287392156055,0.031737618501282004,4.648562076012778,0.21493716119922762,0.16354739164066112,0.3572042623161173,0.9741895322914078,2.472218937000156,8.035949108662477,10.13928084787923,0.03333333333333333,0.02087290494683335,2.91207876718085,6.935453571653532,9.766091457748637,2.758298847502925,6.818663131762533,52.63157894736842,1.3757894736842107,1.760581511538711,7.340787709601636,0.17891102986823246,3.7907548288400745,6.772444000132294,6.047184347306684,0.971883315789474,1.2894995706284265,7.82842105263158,9.582247047510943,3.303781052631579,6.9442674556707376,3.1378947368421053,6.851230286068958,0.8942105263157896,2.922244791232083,0.45847059034616733,0.1764867980682848,19,0,0,30,0.07017543859649122,19,1000,0.0,19,19,5.872188293596098,,2.465984441225569,6.934210526315789,6.915708621030396,3.9203739084040556,1.0603008551929445,1.1928406719551652,,1.1947317120891043,0.9941847242041884,0.0033473010222217566,0.0021857310739240355,3.1969754385964917,6.953065154513699,2.4722189370001577,6.6502454903292545,0.0311844777298073,497,11.788732394366198,3.315049050082445,0.002012072434607646,0.0019705122376208724,1434526.790581005,5379479.926123194,0.03333333333333334,0.01833224841993611,496,26.105263157894736,0.496,23.61904761904762,19.757216885169303,26.105263157894736,6.376125058390394,10.801611278952668,3.5814144774414896,0.0498312948706199,0.06765317899910857,0.013953832553426025,0.02747947389639431,0.05263157894736843,0.0172284502667495
CPMP-2015-runtime-classification,0.09816080366825992,0.12375146545738996,2.2472865928395938,0.6520867004145519,0.04174573055028463,0.42983466076052235,0.1742322616555599,0.0,0.08748032970712633,0.07138028479536133,1.8800596155195604,0.32195028941403003,0.26714415842659284,1.2763695296425699,5.61195980061749,13.133183950825325,49.11604116612549,9.972057051769447,0.25,0.11809889565322589,3.577115547146104,6.410574105003444,19.020787555155735,3.2153045588743425,5.739985248916045,23.954545454545453,2.9328355227272733,5.293006416927647,3.9388134306424476,0.6798012578651221,0.012497525414512767,1.6862336208761703,0.8834245436358916,2.0855704547999996,3.922013789506191,9.309808863636365,16.558269543949123,4.069849398462997,7.086169393452056,3.918864681818182,6.8167233134499545,1.4298402272727273,2.1694233000859695,0.18853277771670607,0.09476970870083765,22,1,0,4,0.24675324675324675,3,527,0.0,22,10,10.919872077715958,,0.6149872687765627,7.879968636363636,14.659139137923548,0.6093354284792414,1.8089946009351114,3.2140754033105585,,0.45986310166106265,0.7403902379604161,0.07238462471331335,0.11263195800629436,3.8544615802695734,6.751144202389817,13.13318395082532,41.069140162457565,0.4818983648390081,180,10.594444444444445,3.4295743375178707,0.005555555555555555,0.00709717200949404,295289.75398045365,1119667.483457553,0.24999999999999997,0.03954473426678263,179,8.136363636363637,0.3396584440227704,8.95,7.272695873137959,8.523809523809524,7.04002164498837,9.62674094707521,3.659373548559871,0.050125123928882895,0.08464630209691523,0.028752591874864366,0.05804660324005949,0.04545454545454544,0.04089827451727857
